term,doc_feq,posting_list
bahia,1,"{1: [0, 7, 81, 298]}"
cocoa,3,"{1: [1, 8, 57, 72, 105, 126, 320], 10: [3, 12], 83: [0, 7, 24, 81, 89]}"
review,2,"{1: [2], 26: [30]}"
shower,1,{1: [3]}
continu,8,"{1: [4], 2: [112], 20: [44], 38: [35], 50: [121], 62: [17, 24], 72: [170], 83: [15]}"
throughout,1,{1: [5]}
week,10,"{1: [6, 37, 121], 26: [53], 48: [10, 23], 51: [86], 83: [118], 91: [34], 96: [10, 23], 97: [10, 23], 98: [25], 99: [6, 17, 38]}"
zone,1,{1: [9]}
allevi,1,{1: [10]}
drought,2,"{1: [11], 84: [243]}"
sinc,6,"{1: [12], 10: [34], 38: [24], 47: [255], 59: [65], 79: [7, 22]}"
earli,6,"{1: [13], 5: [57], 47: [85], 51: [62], 54: [25], 72: [218]}"
januari,3,"{1: [14], 3: [18, 56, 63], 72: [169]}"
improv,3,"{1: [15], 2: [102], 89: [103]}"
prospect,1,{1: [16]}
come,5,"{1: [17, 77], 47: [183], 58: [28], 79: [59], 84: [200]}"
temporao,1,"{1: [18, 33]}"
although,2,"{1: [19], 22: [80]}"
normal,1,{1: [20]}
humid,1,{1: [21]}
level,5,"{1: [22], 45: [5, 13], 51: [4, 16, 34], 59: [122, 138, 263, 271], 69: [121]}"
restor,1,{1: [23]}
comissaria,1,"{1: [24, 64, 129, 227, 294]}"
smith,1,"{1: [25, 65, 130, 228, 295]}"
said,58,"{1: [26, 66, 131], 2: [10, 31, 44, 69, 92, 110, 120], 3: [45], 4: [10, 23, 49], 5: [10, 26, 41], 6: [9], 7: [11], 9: [64], 11: [3, 31], 12: [9, 32], 14: [10, 26, 44, 54], 20: [10, 22, 38], 22: [10, 22, 35, 51, 71, 86], 26: [28], 27: [14, 44, 59, 111, 139, 155, 186], 29: [8], 31: [10, 26, 40, 53], 32: [10, 25], 33: [10], 35: [32], 38: [16, 23, 49], 39: [8, 23], 40: [9], 42: [10, 66], 43: [11, 32, 48, 60, 71, 85], 47: [52, 106, 133, 156, 173, 234, 247, 258, 282], 49: [12], 50: [45, 55, 81, 126, 144, 238, 255, 267, 320, 339, 355, 362, 390, 407, 439], 51: [13, 46, 61], 53: [10], 54: [7, 21], 55: [8, 22], 58: [10, 26], 59: [13, 27, 46, 105, 151, 175, 190, 219, 231, 247, 254], 62: [8, 23, 46, 61, 84], 63: [8, 22, 30], 65: [9, 26], 69: [15, 87, 103, 111, 124], 70: [11], 71: [11, 31, 46, 66], 72: [13, 26, 46, 57, 72, 95, 108, 136, 158], 73: [35, 59], 77: [10, 81], 78: [8], 79: [12, 26, 62, 71], 80: [10], 82: [30], 83: [30], 84: [27, 176], 85: [9, 40], 86: [9, 34], 89: [75], 91: [12], 92: [10, 55, 74, 92, 99], 93: [16, 67], 94: [9, 29, 52], 95: [11], 100: [7, 37]}"
weekli,3,"{1: [27], 3: [46], 69: [82]}"
review.,1,{1: [28]}
the,41,"{1: [29], 2: [29, 67, 118], 4: [21], 5: [24, 52], 9: [61], 10: [7, 52], 20: [36, 53], 24: [33, 79], 26: [26, 47], 29: [28], 31: [24], 32: [34], 35: [30], 39: [21, 49], 40: [31], 42: [31], 43: [8, 69], 47: [103, 152, 186, 206], 49: [9, 39], 50: [305, 404], 51: [32], 54: [19], 59: [279], 62: [21, 59], 63: [20], 69: [27], 71: [28, 44, 74], 73: [8], 77: [23, 57, 69, 79], 78: [25], 79: [24, 34], 80: [19], 82: [28], 83: [99, 121, 159], 84: [31, 273], 89: [73], 91: [39, 75], 93: [54], 94: [27, 39], 99: [7, 34], 100: [26, 35]}"
dri,1,{1: [30]}
period,6,"{1: [31, 314], 3: [44], 15: [7], 76: [88], 84: [37], 99: [31]}"
mean,4,"{1: [32], 27: [188], 47: [68], 62: [11]}"
late,3,"{1: [34], 20: [63], 83: [170]}"
year.,11,"{1: [35, 54], 5: [23], 20: [52], 25: [58], 47: [167], 50: [119, 337], 56: [56], 64: [72], 71: [43], 76: [103], 92: [107]}"
arriv,1,"{1: [36, 62]}"
end,20,"{1: [38, 324], 13: [5, 47], 15: [8], 21: [8], 23: [3], 35: [19], 38: [3], 39: [60], 42: [69], 43: [57], 50: [151], 62: [34], 69: [42, 71, 81], 72: [4, 15], 79: [15], 83: [55], 92: [20, 39], 94: [17], 98: [26], 99: [18, 32]}"
februari,5,"{1: [39, 315, 326], 26: [63], 43: [113], 66: [25], 69: [69]}"
22,3,"{1: [40], 26: [64], 46: [21]}"
155221,1,{1: [41]}
bag,2,"{1: [42, 87, 95, 304, 309], 69: [132]}"
60,3,"{1: [43], 32: [12], 47: [236]}"
kilo,1,{1: [44]}
make,7,"{1: [45], 2: [136], 27: [120], 70: [5], 77: [94], 84: [256], 91: [58]}"
cumul,1,{1: [46]}
total,12,"{1: [47, 80, 297], 2: [52], 3: [28, 49], 14: [32, 58], 22: [87], 24: [53], 35: [12, 39, 55], 47: [78], 49: [25], 72: [211], 82: [13, 47, 52], 89: [50]}"
season,4,"{1: [48], 3: [11], 35: [21, 25], 82: [17, 22, 36, 43, 51]}"
5.93,1,{1: [49]}
mln,45,"{1: [50, 86, 92, 303, 308], 2: [21], 5: [35], 8: [20, 23, 41, 44], 9: [18, 27, 39, 72, 80, 88], 13: [21, 24], 14: [17, 35], 16: [42, 45], 17: [22, 25, 43, 46], 19: [23, 26, 40, 43], 20: [13], 21: [32, 35, 59, 62], 24: [43, 48, 86, 90, 96, 98, 107, 109, 119, 123, 129, 139, 145, 148], 29: [33], 31: [49], 32: [13], 41: [22, 25], 42: [59], 43: [37, 43], 49: [6, 17, 30, 37, 49, 56, 67], 50: [452, 463], 52: [18, 38, 44], 56: [41], 58: [17], 61: [44, 47], 64: [23, 26, 47, 50], 66: [19, 22, 28, 32], 68: [24, 27], 69: [130], 70: [33], 71: [20], 74: [19], 76: [24, 27, 31, 34, 54, 57, 61, 64], 77: [38, 47], 81: [35, 38], 84: [262], 86: [45], 87: [9, 12], 88: [15, 18, 21, 24, 35, 38, 58], 91: [79], 92: [51], 96: [5, 18], 97: [5, 18], 98: [6, 21, 40, 50], 100: [43]}"
5.81,1,{1: [51]}
stage,2,"{1: [52], 72: [205]}"
last,11,"{1: [53], 5: [22], 42: [56], 50: [118, 148, 256, 336], 51: [47], 71: [42, 58], 73: [20], 83: [117], 84: [220], 89: [38, 66], 92: [35]}"
again,2,"{1: [55], 4: [2]}"
seem,1,{1: [56]}
deliv,1,{1: [58]}
earlier,9,"{1: [59], 22: [33], 26: [52], 50: [53, 208, 461], 51: [89], 69: [61], 72: [54], 83: [146], 91: [33]}"
consign,1,{1: [60]}
includ,19,"{1: [61], 2: [100], 4: [73], 8: [49], 12: [21], 13: [30], 29: [19], 32: [28], 41: [30], 47: [123], 51: [53], 52: [50], 56: [46, 60], 61: [52], 77: [60], 81: [42], 87: [20], 88: [54], 98: [35]}"
figures.,1,{1: [63]}
still,4,"{1: [67, 73, 96], 59: [57], 72: [177], 84: [245]}"
doubt,1,"{1: [68, 103]}"
much,3,"{1: [69, 104], 47: [84, 175, 323], 84: [282]}"
old,2,"{1: [70], 44: [0]}"
crop,3,"{1: [71, 82, 162, 306], 35: [2, 8, 38, 54, 62], 84: [140]}"
avail,5,"{1: [74], 7: [89], 30: [28], 62: [10], 84: [257]}"
harvest,1,{1: [75]}
practic,2,"{1: [76], 43: [64]}"
end.,1,{1: [78]}
with,3,"{1: [79], 7: [3], 72: [5]}"
estim,2,"{1: [83, 301], 24: [52]}"
around,5,"{1: [84], 47: [196], 50: [123, 314], 59: [42, 209, 275], 77: [97]}"
6.4,1,{1: [85]}
sale,19,"{1: [88, 150, 163, 188, 239, 265, 299], 2: [5, 12], 5: [44, 53], 9: [53, 103], 12: [2, 11], 15: [25, 45], 22: [82, 88], 29: [26, 31], 42: [35, 49, 55], 43: [18, 61], 58: [21], 66: [17], 71: [33, 38, 48], 72: [23, 80], 77: [13, 66], 82: [33, 40], 86: [43], 88: [65], 92: [29]}"
stand,1,{1: [89]}
almost,3,"{1: [90], 24: [61], 73: [12]}"
6.2,1,{1: [91]}
hundr,1,{1: [93]}
thousand,1,{1: [94]}
hand,2,"{1: [97], 73: [24]}"
farmer,2,"{1: [98, 122], 84: [54, 105, 115, 226, 271]}"
middleman,1,{1: [99]}
export,3,"{1: [100, 108], 9: [2, 10, 44, 75, 93], 69: [45, 66]}"
processors.,1,{1: [101]}
there,3,"{1: [102], 83: [43], 84: [111, 233]}"
would,15,"{1: [106], 2: [73, 111, 125], 7: [20], 11: [59, 63], 23: [22], 27: [81, 86, 94, 100, 128, 149, 174, 187, 198], 47: [62, 77, 263], 50: [226, 271, 408, 421], 59: [63], 69: [19, 106], 72: [203], 79: [58, 63], 83: [40], 84: [15, 28, 129], 91: [20]}"
fit,2,"{1: [107], 50: [376]}"
shipper,1,"{1: [109, 144]}"
experienc,1,{1: [110]}
dificulti,1,{1: [111]}
obtain,1,{1: [112]}
+bahia,1,{1: [113]}
superior+,1,{1: [114]}
certificates.,1,{1: [115]}
in,17,"{1: [116], 9: [6], 22: [29], 24: [4], 27: [33], 42: [61], 48: [8, 21], 49: [62], 50: [445], 72: [131, 147, 196], 79: [67], 86: [4], 92: [32], 93: [4], 96: [7, 20], 97: [7, 20], 99: [5]}"
view,1,{1: [117]}
lower,4,"{1: [118], 59: [174], 84: [38, 49], 92: [25]}"
qualiti,1,{1: [119]}
recent,4,"{1: [120], 72: [148], 84: [109], 89: [109]}"
sold,7,"{1: [123, 192], 2: [93], 22: [62], 29: [9], 43: [88, 105], 72: [184], 73: [39, 51]}"
good,3,"{1: [124], 47: [283], 84: [229]}"
part,4,"{1: [125], 2: [122], 12: [34], 47: [274]}"
held,8,"{1: [127], 4: [19], 32: [41], 47: [24, 142, 241, 243], 50: [260, 426], 72: [69, 75], 85: [27], 86: [23]}"
consignment.,1,{1: [128]}
spot,2,"{1: [132], 73: [26, 74]}"
bean,1,"{1: [133, 143]}"
price,10,"{1: [134], 2: [37, 75, 82], 11: [72], 14: [47], 47: [16, 82, 134, 165, 288, 321], 50: [73, 78, 269, 334], 59: [257, 273], 73: [65], 84: [51, 101, 121], 89: [33, 45, 78]}"
rose,7,"{1: [135], 3: [15, 30, 51], 9: [11, 76, 84], 50: [169, 186, 198, 234], 71: [55], 89: [34], 98: [48]}"
340,1,{1: [136]}
350,1,{1: [137]}
cruzado,1,{1: [138]}
per,12,"{1: [139, 157, 184], 2: [40, 87], 11: [69], 25: [52], 32: [38], 47: [20], 50: [62, 222, 317, 331], 53: [18], 72: [62], 81: [47], 88: [61], 93: [34, 46]}"
arroba,1,{1: [140]}
15,5,"{1: [141], 32: [46], 50: [273], 52: [13], 78: [21]}"
kilos.,1,{1: [142]}
reluct,1,{1: [145]}
offer,9,"{1: [146], 4: [16, 32, 59], 7: [25, 96], 37: [13, 27], 43: [34], 47: [22, 92, 110, 182, 219, 251], 50: [1, 219], 72: [59], 91: [60]}"
nearbi,3,"{1: [147], 73: [45, 71], 83: [94]}"
shipment,3,"{1: [148, 153], 63: [5, 33], 73: [55]}"
limit,4,"{1: [149, 266], 43: [19, 24, 80, 106], 74: [2], 83: [90]}"
book,2,"{1: [151], 98: [11]}"
march,14,"{1: [152], 4: [35], 7: [54], 16: [56], 47: [252], 59: [229], 69: [34], 77: [27], 79: [16], 92: [21], 96: [8, 21], 97: [8, 21], 98: [27], 99: [20]}"
1750,1,{1: [154]}
1780,1,{1: [155]}
dlr,36,"{1: [156, 172, 175, 183, 208, 212, 221, 243, 246, 249, 271, 274, 282], 2: [39, 86], 3: [55], 4: [65], 5: [17, 36], 13: [33, 38], 14: [18, 43], 20: [14], 37: [11, 25], 39: [54], 41: [9, 32], 43: [38], 47: [19, 108, 158, 179, 202, 290], 48: [7, 20], 50: [14, 61, 72, 221, 229, 274, 297, 316, 330, 453, 457, 464], 52: [10, 30], 58: [18], 59: [259, 277], 61: [57, 60], 62: [38, 41], 64: [62, 65, 68, 71], 66: [29, 33], 68: [10, 14, 40, 48], 70: [34], 71: [21, 23, 41], 72: [61, 164, 214], 76: [83, 86], 77: [39, 48], 79: [31, 42, 44, 46], 85: [19, 24], 88: [29, 32], 92: [45], 94: [58, 65, 72, 79], 96: [6, 19], 97: [6, 19], 98: [7, 22, 41, 51]}"
tonn,5,"{1: [158, 185], 11: [70], 24: [44, 49, 66, 77, 87, 110, 120, 140, 146], 73: [14], 82: [15, 39, 54]}"
port,1,"{1: [159, 167]}"
named.,1,{1: [160]}
new,13,"{1: [161, 176, 202, 216, 224, 253, 277, 285, 291], 3: [7], 7: [22, 125], 10: [8], 27: [37], 31: [64], 43: [93], 47: [189], 71: [68], 83: [126], 84: [286], 98: [0, 14, 32], 99: [10]}"
also,19,"{1: [164], 2: [46, 91], 10: [54], 27: [138], 31: [27], 32: [27], 38: [48], 47: [155, 198, 233], 49: [64], 50: [354, 391], 51: [60], 62: [83], 69: [78], 71: [30], 72: [110, 135], 76: [94], 84: [47, 206], 89: [100], 92: [54, 73]}"
light,1,{1: [165]}
open,2,"{1: [166, 236], 7: [66]}"
june/juli,1,"{1: [168, 205, 272]}"
go,5,"{1: [169], 47: [70, 322], 50: [42, 43, 79], 69: [48], 84: [179]}"
1850,1,{1: [170]}
1880,1,"{1: [171, 182]}"
35,3,"{1: [173], 97: [4, 17], 98: [49]}"
45,5,"{1: [174], 47: [25], 50: [64], 80: [14], 92: [50]}"
york,6,"{1: [177, 203, 217, 225, 254, 278, 286, 292], 10: [9], 27: [38], 43: [94], 98: [1, 15, 33], 99: [11]}"
juli,1,"{1: [178, 279]}"
aug/sept,1,"{1: [179, 209, 280]}"
1870,1,{1: [180]}
1875,1,{1: [181]}
fob.,1,{1: [186]}
routin,2,"{1: [187], 69: [49]}"
butter,1,"{1: [189, 198]}"
made.,1,{1: [190]}
march/april,1,"{1: [191, 244, 267]}"
4340,1,{1: [193]}
4345,1,{1: [194]}
4350,1,{1: [195]}
dlrs.,14,"{1: [196], 2: [28, 108], 4: [78], 8: [54], 14: [36], 29: [34], 42: [60], 43: [44], 50: [468], 68: [43], 86: [46], 91: [80], 92: [52], 100: [44]}"
april/may,1,{1: [197]}
went,1,{1: [199]}
2.27,1,"{1: [200, 213, 222]}"
time,5,"{1: [201, 215, 223, 252, 276, 284, 290], 2: [83], 14: [49], 31: [38], 47: [112, 149]}"
may,11,"{1: [204, 247], 31: [69], 42: [36], 46: [20], 50: [217], 62: [54], 72: [243], 73: [27, 75], 75: [15], 77: [53], 78: [20, 32]}"
4400,1,{1: [206]}
4415,1,{1: [207]}
4351,1,{1: [210]}
4450,1,{1: [211]}
2.28,2,"{1: [214], 68: [13]}"
sept,1,"{1: [218, 287]}"
oct/dec,1,"{1: [219, 288]}"
4480,1,{1: [220]}
dec,2,"{1: [226, 255, 293], 61: [6]}"
said.,30,"{1: [229, 296], 3: [26], 5: [61], 7: [72], 9: [32], 11: [29], 24: [32], 26: [25], 27: [98], 31: [71], 32: [48], 35: [29, 67], 39: [48], 43: [102], 47: [35, 88, 222, 315], 50: [27, 100, 287, 304, 388], 51: [88], 59: [71, 91], 71: [90], 72: [187, 226], 73: [57], 77: [68, 100], 79: [49], 82: [27, 56], 83: [27, 42, 57, 74, 98, 120, 133, 145, 158, 173], 84: [251, 289], 89: [72, 123], 95: [48], 98: [34], 99: [24]}"
destin,1,{1: [230]}
u.s.,11,"{1: [231, 258], 26: [48], 35: [3, 9, 26], 41: [34], 47: [276], 50: [23, 37, 56, 129, 160, 306, 368, 381, 422, 427], 51: [91], 72: [206, 220, 246], 79: [0, 9, 50, 69], 82: [2, 11, 24], 97: [0, 13]}"
covert,1,{1: [232]}
currenc,5,"{1: [233, 262], 26: [49], 51: [50], 59: [41, 52], 84: [160]}"
area,3,"{1: [234], 27: [26], 84: [246]}"
uruguay,1,"{1: [235, 260]}"
ports.,1,{1: [237]}
cake,1,{1: [238]}
regist,1,{1: [240]}
785,1,"{1: [241, 245]}"
995,1,{1: [242]}
753,1,{1: [248]}
aug,1,{1: [250]}
0.39,1,{1: [251]}
oct/dec.,1,{1: [256]}
buyer,2,"{1: [257], 72: [51]}"
argentina,1,{1: [259]}
convert,3,"{1: [261], 20: [26], 65: [30]}"
areas.,1,{1: [263]}
liquor,1,{1: [264]}
sell,8,"{1: [268], 29: [2], 42: [4, 14], 50: [430], 54: [3, 9], 72: [112], 91: [68], 92: [58, 87]}"
2325,1,{1: [269]}
2380,1,{1: [270]}
2375,1,{1: [273]}
1.25,1,"{1: [275, 283, 289]}"
2400,1,{1: [281]}
current,12,"{1: [300], 2: [128], 8: [46], 10: [40], 20: [48], 45: [4, 12], 47: [216, 285, 310], 51: [15, 33], 56: [57], 59: [43, 208, 255], 82: [35], 89: [44]}"
6.13,1,{1: [302]}
1986/87,2,"{1: [305], 82: [16, 50]}"
1.06,1,{1: [307]}
1987/88,4,"{1: [310], 11: [71], 59: [227], 82: [5, 21, 42]}"
crop.,1,{1: [311]}
final,5,"{1: [312], 22: [30], 35: [0, 6, 36, 52], 54: [24], 83: [104]}"
figur,4,"{1: [313], 16: [49], 79: [55], 89: [129]}"
28,10,"{1: [316], 13: [49], 15: [10, 33], 19: [9], 21: [10, 40], 61: [10], 66: [26], 76: [43], 88: [5], 92: [41]}"
expect,14,"{1: [317], 5: [27], 24: [1, 135], 39: [9], 42: [68], 43: [33, 86], 47: [260], 50: [3], 51: [83], 71: [12], 72: [217], 77: [25], 83: [153], 92: [11, 100]}"
publish,1,{1: [318]}
brazilian,1,{1: [319]}
trade,11,"{1: [321], 3: [1, 9], 7: [17], 24: [72], 43: [92], 50: [206, 312], 69: [116], 72: [208, 223, 241, 247, 257], 73: [18, 32, 37, 49], 77: [30], 89: [104, 116]}"
commiss,4,"{1: [322], 11: [26, 61], 43: [17], 94: [37]}"
carniv,1,{1: [323]}
midday,1,{1: [325]}
27.,1,{1: [327]}
comput,4,"{2: [0, 6, 42, 56, 89, 134, 137], 12: [41], 63: [15], 92: [82]}"
termin,3,"{2: [1, 7, 43, 90, 135], 23: [18], 72: [34, 161]}"
system,6,"{2: [2, 8], 27: [16], 52: [2], 75: [2], 84: [154], 86: [12]}"
&lt;cpml>,1,{2: [3]}
complet,8,"{2: [4, 11], 5: [56], 12: [1, 10], 20: [65], 22: [61], 47: [220, 265], 83: [60], 84: [152]}"
inc,36,"{2: [9], 4: [9, 54], 8: [1], 12: [8], 13: [2], 14: [15], 15: [60], 16: [2], 19: [4], 28: [3, 17], 29: [7], 31: [9], 32: [9], 33: [9], 39: [7], 40: [2, 8], 42: [52], 55: [7], 60: [3], 62: [52], 64: [4], 65: [8, 16], 66: [3], 68: [3], 70: [10], 71: [10], 76: [1], 77: [18], 78: [1, 7], 80: [9], 81: [2], 86: [8, 14], 91: [37], 92: [62], 93: [9], 100: [6, 11, 19]}"
200000,2,"{2: [13, 107], 81: [14]}"
share,23,"{2: [14, 22, 50], 4: [61, 68], 5: [20], 6: [2, 14], 13: [36, 41], 25: [53], 31: [18, 47, 65], 32: [14, 21, 31, 37, 40], 39: [14, 57], 47: [21, 109, 146, 242], 50: [63, 223, 332], 53: [19], 64: [73], 65: [27, 34], 71: [24], 72: [63], 77: [42, 70, 74], 78: [18], 88: [62], 91: [59], 92: [17, 48], 93: [35, 41, 47], 94: [61, 75]}"
common,9,"{2: [15, 59, 79], 6: [13], 31: [13], 40: [16, 20], 65: [28], 77: [44, 77], 78: [14], 93: [37, 43, 52], 100: [20]}"
stock,15,"{2: [16, 60], 28: [12, 26], 31: [14, 30, 35, 66], 40: [14, 17, 21, 25], 43: [95], 47: [164], 50: [94, 162, 203, 233, 425, 431], 65: [29], 70: [24], 72: [183], 77: [45, 62], 78: [15], 83: [22, 71, 83, 92, 101, 107, 114], 94: [25], 100: [22]}"
warrant,2,"{2: [17, 32, 72], 93: [38]}"
acquir,10,"{2: [18], 14: [12], 23: [23], 33: [3, 17], 50: [417], 55: [14], 85: [10], 86: [18], 87: [29], 91: [30]}"
addit,5,"{2: [19, 49], 38: [44], 49: [63], 62: [3, 13, 66], 72: [155]}"
one,9,"{2: [20], 4: [33, 36], 13: [39], 22: [24], 49: [52], 50: [101, 261], 51: [82], 59: [55], 75: [16]}"
&lt;sedio,1,{2: [23]}
n.v.>,1,{2: [24]}
lugano,1,{2: [25]}
switzerland,1,{2: [26]}
50000,1,{2: [27]}
compani,31,"{2: [30, 68, 119], 4: [22], 5: [25], 14: [29], 16: [59], 20: [37], 22: [17, 34], 23: [14], 27: [24, 65, 70, 108, 115, 133, 146], 31: [25], 32: [47], 37: [4, 18], 38: [39], 39: [22, 44], 40: [27], 42: [32], 43: [49, 70], 47: [69, 195], 50: [224, 356], 54: [20], 62: [22, 60, 80], 63: [21], 71: [29, 45], 72: [14, 74], 77: [67, 80, 93], 78: [26], 79: [25, 48], 91: [17], 94: [28, 40, 67], 95: [47], 100: [36]}"
exercis,1,"{2: [33, 74]}"
five,7,"{2: [34], 14: [59], 15: [13], 21: [13], 25: [13], 42: [42], 47: [200]}"
year,35,"{2: [35], 3: [38, 42], 8: [3, 24, 47], 9: [16, 37], 13: [4, 28, 46], 16: [25, 48], 17: [26], 19: [27], 20: [64], 22: [27, 68], 24: [15], 25: [25, 60], 30: [4], 41: [4], 42: [43, 57], 50: [136, 153, 257, 278, 412, 460], 52: [26, 58, 62, 66], 56: [24, 58], 57: [5], 61: [50], 62: [43], 64: [32], 66: [5, 34], 68: [5], 69: [138], 71: [59], 74: [5], 76: [35, 80], 81: [41], 84: [216], 87: [3, 15], 88: [53], 89: [39, 67], 92: [36], 94: [16]}"
purchas,10,"{2: [36], 14: [46], 16: [52], 38: [43], 49: [43], 73: [7], 82: [10], 83: [93], 91: [6], 100: [8]}"
.125,1,{2: [38]}
share.,5,"{2: [41, 88], 25: [66], 80: [18], 81: [48], 93: [53]}"
sedio,1,{2: [45]}
right,3,"{2: [47, 95], 65: [31], 72: [191]}"
buy,8,"{2: [48], 14: [4], 50: [325], 72: [154], 83: [23, 85], 85: [3], 93: [39], 100: [2]}"
increas,7,"{2: [51], 3: [36], 24: [23, 143], 27: [47], 31: [21, 44], 50: [379], 84: [42]}"
hold,9,"{2: [53], 4: [38, 53, 71], 14: [28], 27: [23, 64, 69, 107, 114, 132, 145, 163], 50: [410], 56: [1], 57: [2], 68: [2], 72: [171]}"
40,5,"{2: [54], 15: [37], 21: [44], 24: [138], 47: [160, 226]}"
pct,17,"{2: [55, 78], 3: [17, 22, 32, 35, 40], 4: [84], 9: [5, 13, 25, 47, 56, 70, 78, 86, 96, 106], 24: [63, 74], 28: [9, 23], 31: [34], 40: [13, 24], 47: [26, 48, 118, 161, 218, 227, 237], 49: [54], 50: [65, 346, 401, 424], 55: [27], 59: [211], 71: [57], 72: [114], 87: [23], 89: [5, 23, 49, 65, 69, 94, 97]}"
terminal',1,{2: [57]}
outstand,4,"{2: [58], 82: [31], 83: [47], 98: [46]}"
certain,4,"{2: [61], 83: [75], 84: [234], 93: [62]}"
circumst,2,"{2: [62], 47: [98]}"
involv,4,"{2: [63], 27: [25], 39: [32], 100: [39]}"
chang,5,"{2: [64], 47: [298], 50: [250], 69: [107], 73: [23]}"
control,4,"{2: [65], 26: [13], 47: [304], 91: [22]}"
company.,3,"{2: [66], 7: [126], 72: [174]}"
condit,2,"{2: [70], 47: [311]}"
occur,2,"{2: [71], 43: [62]}"
equal,3,"{2: [76], 40: [22], 76: [74]}"
75,3,"{2: [77], 4: [62], 13: [13]}"
stock',1,{2: [80]}
market,11,"{2: [81], 7: [41, 68], 47: [295], 48: [1, 14], 49: [2, 15], 50: [95, 371, 436], 51: [21], 59: [100, 132, 148, 234], 69: [53, 112, 134], 84: [135], 92: [30]}"
exceed,2,"{2: [84], 71: [17]}"
1.50,1,{2: [85]}
technolgi,1,{2: [94]}
dot,1,{2: [96]}
matrix,1,{2: [97]}
impact,1,{2: [98]}
technolog,1,"{2: [99, 116]}"
futur,3,"{2: [101], 10: [82], 94: [48]}"
&lt;woodco,1,{2: [103]}
inc>,8,"{2: [104], 4: [13], 12: [25], 23: [9], 29: [23], 38: [10], 65: [37], 87: [2]}"
houston,1,{2: [105]}
tex.,1,{2: [106]}
but,5,"{2: [109], 7: [113], 47: [223], 84: [126], 89: [58]}"
exclus,1,{2: [113]}
worldwid,1,{2: [114]}
license,1,{2: [115]}
woodco.,1,{2: [117]}
move,4,"{2: [121], 12: [33], 50: [432], 59: [161, 235]}"
reorgan,2,"{2: [123], 100: [31]}"
plan,14,"{2: [124], 4: [27, 46], 12: [37], 14: [11], 37: [7, 21], 39: [26], 47: [4, 17, 57], 50: [10, 58, 378], 54: [8], 72: [30, 58, 98, 111, 167], 83: [19, 36], 84: [178], 91: [53], 100: [32]}"
help,5,"{2: [126], 49: [8, 26], 73: [66], 84: [264], 89: [88, 101]}"
pay,9,"{2: [127], 19: [0], 34: [11], 44: [15], 46: [16], 50: [11], 60: [15], 77: [5, 36], 85: [17]}"
oper,16,"{2: [129], 8: [52], 22: [64], 25: [49], 33: [18], 39: [28], 41: [35, 38], 47: [194], 59: [84], 61: [55], 62: [18, 104], 64: [9, 16, 33, 40], 68: [6, 15], 71: [86], 76: [6, 15, 36, 45, 67, 73, 91, 105], 92: [13, 104]}"
cost,2,"{2: [130], 84: [238, 241]}"
ensur,1,{2: [131]}
product,12,"{2: [132], 5: [48], 9: [33, 67], 15: [2, 59], 21: [2, 68], 22: [54], 24: [116, 126, 142], 27: [51], 72: [124], 84: [237], 89: [20], 95: [20, 36]}"
delivery.,2,"{2: [133], 73: [46]}"
gener,2,"{2: [138], 43: [82]}"
label,1,{2: [139]}
form,3,"{2: [140], 31: [32], 59: [50]}"
tag,1,{2: [141]}
ticket,1,{2: [142]}
printer,1,{2: [143]}
terminals.,1,{2: [144]}
n.z.,1,"{3: [0, 54]}"
bank,16,"{3: [2, 10, 25], 7: [86], 14: [6, 31, 57], 27: [7, 15, 28, 39, 56, 68, 73, 90, 119, 127, 159, 193], 34: [2], 49: [10, 41, 44], 51: [25, 97], 53: [2, 9], 55: [17], 58: [9], 59: [8, 83, 97, 153, 220, 265], 62: [51], 70: [15], 85: [37], 98: [16, 31], 99: [1, 13, 29, 35]}"
deposit,2,"{3: [3, 13, 29, 50], 27: [166]}"
growth,3,"{3: [4, 14], 39: [41], 89: [59]}"
rise,6,"{3: [5, 20, 41], 9: [3], 24: [105], 47: [211], 89: [7, 28, 62], 97: [3, 16]}"
slightli,4,"{3: [6], 22: [4, 66], 50: [344], 89: [125]}"
zealand',1,{3: [8]}
adjust,5,"{3: [12], 16: [54], 51: [74], 64: [74], 84: [62]}"
2.6,1,{3: [16]}
compar,8,"{3: [19, 33, 57], 22: [44], 49: [32], 50: [458], 59: [269], 62: [39], 76: [81], 89: [134]}"
9.4,1,{3: [21]}
decemb,7,"{3: [23, 37, 60], 9: [65], 13: [48], 39: [61], 62: [35], 72: [73], 93: [48]}"
reserv,8,"{3: [24], 11: [18], 27: [9], 50: [420], 51: [8], 55: [12], 98: [30], 99: [16]}"
year-on-year,1,{3: [27]}
30.6,2,"{3: [31], 66: [21]}"
26.3,1,{3: [34]}
34.5,1,{3: [39]}
ago,3,"{3: [43], 50: [154], 52: [59]}"
statist,4,"{3: [47], 9: [30], 69: [127], 89: [112]}"
release.,1,{3: [48]}
17.18,1,{3: [52]}
billion,14,"{3: [53, 59, 62], 9: [49, 58, 99, 108], 14: [42], 22: [42, 90], 24: [65, 76], 47: [178, 201], 48: [6, 19], 50: [13, 71, 456, 467], 71: [40], 72: [163, 213], 84: [259], 88: [41, 44], 89: [36, 41, 52, 56, 120, 131, 138], 98: [24]}"
16.74,1,{3: [58]}
13.16,1,{3: [61]}
1986.,5,"{3: [64], 43: [114], 64: [79], 72: [215], 78: [33]}"
nation,10,"{4: [0, 50, 79], 16: [0], 26: [61], 27: [177], 33: [7, 12], 55: [16], 59: [20, 126, 142, 216], 69: [83], 89: [111], 98: [47, 54]}"
amus,1,"{4: [1, 12, 80]}"
up,5,"{4: [3], 5: [6], 28: [4, 18], 80: [4], 89: [3]}"
viacom,1,"{4: [4, 7, 48, 60]}"
&lt;via>,1,{4: [5]}
bid,4,"{4: [6], 7: [32], 47: [9, 39, 58, 159], 50: [31, 243]}"
intern,9,"{4: [8], 27: [178], 51: [105], 69: [23], 73: [17], 77: [15], 83: [6], 91: [36, 63], 92: [59]}"
&lt;nation,1,{4: [11]}
rais,6,"{4: [14, 56, 74], 31: [3, 11], 47: [15, 71, 101], 50: [2, 227, 392], 62: [12], 80: [11]}"
valu,5,"{4: [15, 66], 47: [124], 50: [6, 22], 72: [201], 100: [41]}"
viacom',1,"{4: [17, 85]}"
publicli,3,"{4: [18], 47: [23, 141, 240], 72: [68]}"
stock.,6,"{4: [20, 86], 47: [50], 50: [124, 403], 55: [30], 72: [70, 146], 77: [78]}"
special,5,"{4: [24], 11: [32], 27: [105], 32: [4], 69: [39]}"
committe,5,"{4: [25, 44], 11: [33], 59: [31], 69: [85], 83: [161]}"
board,13,"{4: [26], 10: [25, 37, 43], 27: [10], 39: [24], 42: [73], 47: [249], 51: [9], 53: [11], 55: [13], 69: [30], 70: [12], 78: [9], 93: [59]}"
meet,8,"{4: [28], 11: [43], 39: [40], 51: [41], 59: [2], 69: [7, 22, 32, 50, 86], 83: [163], 84: [89]}"
later,1,{4: [29]}
today,10,"{4: [30], 26: [17], 49: [28], 50: [54, 290, 313], 51: [90], 59: [284], 62: [29], 72: [55], 83: [65], 84: [285]}"
consid,3,"{4: [31], 43: [65], 47: [55, 254]}"
submit,1,{4: [34]}
&lt;mcv,1,{4: [37]}
inc>.,1,{4: [39]}
a,3,"{4: [40], 11: [9], 43: [45]}"
spokeswoman,1,{4: [41]}
unabl,1,{4: [42]}
say,12,"{4: [43], 7: [119], 37: [3, 17], 45: [2, 10], 47: [64], 48: [12, 25], 51: [2], 72: [2], 73: [2], 84: [224], 96: [12, 25], 97: [12, 25]}"
met,1,{4: [45]}
yesterday.,1,{4: [47]}
amusements',1,{4: [51]}
arsen,1,"{4: [52, 70]}"
subsidiari,8,"{4: [55], 27: [80], 33: [16], 39: [30], 42: [18], 91: [47], 92: [63, 79], 93: [24]}"
amount,7,"{4: [57], 42: [24], 47: [56], 70: [23], 82: [37, 44], 83: [79], 84: [165]}"
cash,9,"{4: [58], 14: [19], 42: [25], 47: [115, 150, 193], 62: [27], 77: [40, 55, 61, 83], 78: [12], 85: [20], 100: [13]}"
ct,34,"{4: [63, 76], 5: [19], 8: [11, 28, 32], 13: [11, 14, 35, 40], 15: [14, 18, 34, 38], 16: [10, 14, 29, 33], 17: [9, 13, 30, 34], 19: [13, 16, 30, 33], 21: [14, 18, 41, 45], 25: [10, 14, 29, 33, 51, 57, 65], 30: [9, 13], 31: [17, 20], 34: [10], 39: [13, 56], 41: [13], 44: [10, 13], 46: [11, 14], 52: [14, 34], 53: [17], 56: [13, 28, 32], 60: [10, 13], 61: [11, 15, 31, 35], 64: [12, 15, 36, 39], 66: [9, 12], 74: [9, 12], 75: [8, 11], 76: [10, 14, 40, 44, 76, 79, 99, 102], 78: [17, 31], 80: [15, 17], 81: [9, 12, 25, 28, 46], 88: [9, 12, 60], 92: [16, 47], 93: [33, 45], 94: [60, 74]}"
42.75,1,{4: [64]}
fraction,1,{4: [67]}
exchang,5,"{4: [69], 10: [4, 13, 42], 43: [16], 59: [23, 88, 120, 136], 94: [36]}"
prefer,3,"{4: [72], 59: [191], 100: [21]}"
25,4,"{4: [75], 14: [16], 24: [144], 99: [21]}"
7.75,1,{4: [77]}
alreadi,5,"{4: [81], 32: [32], 47: [272], 50: [67], 84: [275]}"
own,6,"{4: [82], 47: [46], 65: [38], 87: [24], 91: [18, 45], 93: [23]}"
19.6,1,{4: [83]}
roger,1,"{5: [0, 8, 40, 60]}"
&lt;rog>,1,{5: [1]}
see,12,"{5: [2], 7: [64], 18: [2, 13], 24: [81], 36: [2, 9], 39: [3], 47: [91, 320], 59: [170], 69: [1], 71: [3], 79: [3], 92: [3]}"
1st,3,"{5: [3], 71: [5], 92: [4, 33]}"
qtr,20,"{5: [4], 15: [5], 16: [5], 17: [4], 18: [6, 17], 19: [7], 21: [5, 7], 25: [4], 30: [26], 52: [5, 55], 56: [5, 52], 61: [5], 64: [7], 71: [6], 74: [24], 75: [13], 76: [4], 79: [6], 81: [5], 92: [5]}"
net,27,"{5: [5], 8: [4, 12, 33, 48], 13: [15, 29], 15: [6, 19, 39], 16: [15, 34], 17: [14, 35], 19: [10, 17, 34], 21: [6, 19, 46], 25: [5, 15, 34], 27: [135], 30: [14], 41: [14, 29], 50: [449], 52: [15, 35, 48], 56: [14, 33, 45, 59], 57: [12], 61: [16, 36, 51], 64: [8, 17, 41, 57], 66: [6, 13], 68: [16, 34, 45], 71: [7, 15], 72: [222], 74: [6, 13], 76: [5, 16, 46, 68, 92, 106], 79: [56], 81: [6, 13, 29], 88: [6, 13, 33]}"
significantli,1,"{5: [7, 14]}"
corp,23,"{5: [9], 14: [9], 17: [1], 20: [9], 23: [12], 25: [1], 38: [8], 42: [21], 44: [3], 50: [105, 141, 167, 173, 184, 190, 196], 54: [6], 56: [2], 57: [3], 61: [2], 62: [7], 72: [9], 77: [76], 79: [11], 85: [8, 12], 92: [9, 78, 83], 93: [11], 94: [8], 95: [10, 17]}"
first,12,"{5: [11, 29], 10: [17, 64], 14: [0, 7, 20, 24, 37], 36: [4, 11], 42: [27, 44], 43: [104], 50: [244], 71: [13, 34], 79: [5, 13, 20, 32, 37, 60], 85: [0, 5, 30], 92: [18, 96], 99: [37]}"
quarter,15,"{5: [12, 21, 30, 59], 25: [54], 36: [5, 12], 39: [16], 42: [28, 45], 43: [56], 61: [58], 62: [33], 63: [26], 64: [66], 71: [14, 35], 76: [77, 84, 100], 79: [14, 21, 38, 61], 92: [19, 34, 38, 97], 94: [15, 54]}"
earn,6,"{5: [13, 15], 14: [51], 58: [13], 71: [16, 25, 87], 79: [57], 92: [43, 98]}"
114000,1,{5: [16]}
four,4,"{5: [18], 15: [17], 21: [17], 25: [9, 28, 50]}"
revenu,4,"{5: [28, 33], 50: [454, 465], 63: [27], 92: [49]}"
"""somewhat",1,{5: [31]}
"higher""",3,"{5: [32], 47: [324], 50: [44]}"
32.9,1,{5: [34]}
post,3,"{5: [37], 7: [116], 83: [139]}"
year-ago,2,"{5: [38], 71: [26]}"
quarter.,5,"{5: [39], 40: [30], 63: [35], 71: [27], 79: [33]}"
reach,4,"{5: [42], 42: [74], 59: [36], 83: [50]}"
agreement,7,"{5: [43], 26: [57], 59: [130, 146], 69: [96], 92: [57], 93: [19, 61], 95: [13]}"
mold,1,{5: [45]}
switch,2,"{5: [46], 82: [1, 9]}"
circuit,1,{5: [47]}
line,4,"{5: [49], 27: [52], 47: [203], 71: [54]}"
major,9,"{5: [50], 11: [10], 26: [59], 50: [128, 145], 69: [3, 55], 84: [75, 138, 182], 89: [102], 98: [13], 99: [9]}"
supplier.,1,{5: [51]}
term,12,"{5: [54], 10: [23], 12: [29], 29: [25], 33: [31], 54: [27], 59: [197], 65: [22], 86: [28], 89: [26], 92: [70], 93: [28]}"
disclos,2,"{5: [55], 12: [28]}"
second,5,"{5: [58], 10: [75], 43: [4, 22], 77: [95], 99: [26]}"
island,1,{6: [0]}
telephon,1,"{6: [1, 6]}"
split,4,"{6: [3, 15], 28: [13, 27], 31: [31, 67], 64: [77]}"
approv,9,"{6: [4, 16], 31: [28, 43], 39: [25], 42: [72], 55: [4, 10], 65: [4, 11], 70: [18, 26], 79: [73], 93: [57]}"
&lt;island,1,{6: [5]}
co,10,"{6: [7], 33: [15, 22], 42: [9, 17], 43: [10], 46: [4], 47: [12, 29, 145], 50: [19], 72: [19, 102], 77: [16], 88: [51]}"
ltd>,4,"{6: [8], 32: [17], 41: [3], 87: [28]}"
previous,5,"{6: [10], 12: [35], 58: [14], 65: [12], 94: [12, 62]}"
announc,7,"{6: [11], 12: [36], 23: [16], 50: [398], 65: [13], 84: [276, 284], 91: [64]}"
two-for-on,2,"{6: [12], 31: [29]}"
sharehold,12,"{6: [17], 16: [61], 31: [42, 60], 32: [43], 40: [36], 55: [24], 65: [3, 10], 72: [190], 79: [72], 80: [24], 93: [30, 60], 100: [24]}"
annual,4,"{6: [18], 11: [47], 24: [36], 84: [72]}"
meeting.,1,{6: [19]}
u.k.,4,"{7: [0, 12], 49: [0], 50: [405], 59: [163, 171, 206]}"
grow,1,"{7: [1, 14]}"
impati,1,"{7: [2, 15]}"
japan,3,"{7: [4, 50], 24: [20], 51: [102]}"
-,4,"{7: [5], 20: [1], 59: [6, 35, 54], 84: [6]}"
thatcher,1,"{7: [6, 10, 71, 73]}"
prime,1,"{7: [7, 48]}"
minist,4,"{7: [8, 49, 115], 26: [2, 8, 29], 69: [75], 84: [7, 10, 87, 219]}"
margaret,1,{7: [9]}
wa,1,{7: [13]}
japanes,3,"{7: [16, 39, 67, 107, 114], 24: [92, 125], 73: [36]}"
barrier,1,{7: [18]}
warn,3,"{7: [19], 72: [239], 84: [13, 128]}"
soon,2,"{7: [21], 43: [63]}"
power,2,"{7: [23, 80, 82], 88: [50]}"
countri,2,"{7: [24, 95], 89: [84]}"
reciproc,1,{7: [26]}
access,2,"{7: [27, 98], 27: [176]}"
markets.,2,"{7: [28], 84: [30]}"
she,1,{7: [29]}
told,7,"{7: [30, 74], 47: [41], 51: [38, 95], 69: [59], 72: [37], 84: [53, 71, 202, 253], 91: [41]}"
parliament,1,"{7: [31, 75]}"
u.k.',1,{7: [33]}
cabl,2,"{7: [34, 57, 102, 121], 52: [1]}"
wireless,1,"{7: [35, 58, 103, 122]}"
plc,3,"{7: [36], 47: [13], 72: [20]}"
&lt;cawl.l>,1,{7: [37]}
enter,3,"{7: [38], 92: [56], 93: [17]}"
telecommun,1,"{7: [40, 108, 117]}"
regard,2,"{7: [42], 59: [242]}"
govern,3,"{7: [43], 50: [406], 84: [104, 255, 274]}"
test,2,"{7: [44, 65], 59: [102]}"
case.,1,{7: [45]}
"""i",7,"{7: [46], 27: [45], 47: [73], 50: [28, 374], 59: [62], 72: [216, 227], 84: [56]}"
wrote,1,{7: [47]}
mr,1,{7: [51]}
nakason,1,{7: [52]}
fourth,4,"{7: [53], 43: [54], 63: [34], 94: [14, 53]}"
express,2,"{7: [55], 72: [86]}"
interest,5,"{7: [56], 43: [21, 87, 108], 50: [357], 59: [172, 198], 72: [87, 115, 173]}"
bid.,3,"{7: [59], 47: [102], 50: [230]}"
i,4,"{7: [60], 47: [80], 50: [279, 293], 72: [193]}"
yet,2,"{7: [61], 51: [103]}"
reply.,1,{7: [62]}
we,1,"{7: [63, 78]}"
realli,1,{7: [69]}
"is""",1,{7: [70]}
"""shortli",1,{7: [76]}
...,1,{7: [77]}
shall,1,"{7: [79, 90]}"
exampl,1,{7: [81]}
financi,10,"{7: [83, 99], 22: [73], 27: [21, 40, 62, 143, 151, 179, 195], 33: [8], 38: [51], 47: [244], 51: [42], 59: [233], 84: [43, 277], 85: [1, 6, 31, 38]}"
servic,6,"{7: [84, 100], 27: [22, 63, 144, 180], 51: [43], 85: [35], 86: [13, 41], 88: [68]}"
act,4,"{7: [85, 87], 59: [68], 62: [93, 102], 84: [207]}"
becom,5,"{7: [88], 27: [201], 50: [158], 84: [106], 93: [21]}"
abl,2,"{7: [91], 50: [324]}"
take,3,"{7: [92], 51: [68], 91: [21]}"
action,5,"{7: [93], 10: [50], 26: [43], 27: [157], 84: [199]}"
case,1,{7: [94]}
full,5,"{7: [97], 15: [55], 21: [64], 59: [156], 88: [46]}"
"do.""",1,{7: [101]}
seek,2,"{7: [104], 91: [54]}"
stake,1,{7: [105]}
propos,3,"{7: [106], 11: [24, 62], 84: [5, 18, 34, 150, 188, 194]}"
rival,1,{7: [109]}
kokusai,1,{7: [110]}
denshin,1,{7: [111]}
denwa.,1,{7: [112]}
report,11,"{7: [118], 22: [31, 85], 24: [0, 28, 34, 80], 47: [42], 51: [22, 39], 62: [30], 69: [80], 84: [203], 89: [9, 74, 122], 92: [12], 94: [13, 63, 77]}"
oppos,1,{7: [120]}
manageri,1,{7: [123]}
role,2,"{7: [124], 59: [78]}"
questech,1,{8: [0]}
&lt;qtec>,1,{8: [2]}
shr,22,"{8: [5, 25], 13: [9], 15: [11, 31, 50], 16: [7, 26], 17: [6, 27], 19: [11, 28], 21: [11, 30, 38, 57], 25: [7, 26], 30: [6], 41: [6, 28], 52: [7, 27], 56: [7, 25], 57: [8], 61: [8, 28], 64: [10, 28, 34, 52], 66: [7], 68: [7, 29], 74: [7], 76: [7, 29, 37, 59], 81: [7, 23], 87: [5], 88: [7, 27]}"
loss,23,"{8: [6, 13], 13: [31], 15: [32, 36, 40, 43], 16: [6, 8, 16, 27, 35], 17: [5, 7, 11, 15, 18, 28, 32, 36, 39], 18: [7, 18], 21: [39, 43, 47, 50], 25: [6, 8, 12, 16, 19, 31, 38, 47, 55], 30: [5, 7, 11, 15, 18], 39: [4, 11], 41: [5, 7, 15], 42: [34], 50: [450], 52: [6, 8, 12, 16, 20, 28, 32, 36, 40, 49, 52, 61], 56: [6, 26, 34], 61: [9, 13, 17, 20, 29, 33, 37, 40, 53], 62: [31, 42], 68: [12, 20], 76: [8, 12, 17, 20, 38, 47, 69, 93], 79: [40], 87: [4, 7], 92: [6, 14], 94: [70]}"
nil,4,"{8: [7], 56: [9], 57: [9, 11], 99: [4]}"
v,26,"{8: [8, 15, 21, 29, 36, 42], 13: [12, 17, 22], 15: [15, 22, 27, 35, 42, 47, 52], 16: [11, 18, 23, 30, 37, 43], 17: [10, 17, 23, 31, 38, 44], 19: [14, 19, 24, 31, 36, 41], 21: [15, 22, 27, 33, 42, 49, 54, 60], 25: [11, 18, 23, 30, 37, 42], 30: [10, 17, 22], 35: [16, 42, 58], 41: [10, 17, 23], 44: [11], 46: [12], 52: [11, 19, 24, 31, 39, 45, 56, 64], 56: [10, 17, 22, 29, 36, 42, 50, 54], 57: [10, 14, 18], 60: [11], 61: [12, 19, 24, 32, 39, 45], 64: [13, 19, 24, 30, 37, 43, 48, 54, 63, 69], 66: [10, 15, 20, 30], 68: [11, 19, 25, 31, 41], 74: [10, 15, 20], 75: [9], 76: [11, 19, 25, 32, 41, 49, 55, 62], 81: [10, 15, 19, 26, 31, 36], 88: [10, 16, 22, 30, 36, 42]}"
profit,15,"{8: [9, 16, 26, 30, 34, 37], 15: [12, 16, 20, 23], 16: [12, 19, 31, 38], 21: [12, 16, 20, 23], 22: [16, 38], 25: [27, 35], 39: [42], 41: [11, 18], 50: [459], 56: [8, 11, 15, 18, 30, 37], 68: [8, 17], 76: [42, 50, 107], 79: [19, 29], 92: [26], 94: [55]}"
19,3,"{8: [10], 16: [13], 39: [55]}"
3175,1,{8: [14]}
284945,1,{8: [17]}
rev,20,"{8: [18, 39], 13: [19], 16: [21, 40], 17: [20, 41], 19: [21, 38], 21: [25, 52], 25: [21, 40], 30: [20], 41: [20], 52: [22, 42], 56: [20, 39], 57: [16], 61: [22, 42], 64: [21, 45], 68: [22], 74: [17], 76: [22, 52], 81: [17, 33], 87: [10], 88: [19, 39]}"
13.6,1,{8: [19]}
10.6,1,{8: [22]}
13,7,"{8: [27], 16: [28], 17: [29], 19: [15], 25: [32], 56: [31], 61: [34]}"
56,3,"{8: [31], 47: [117], 61: [30]}"
195202,1,{8: [35]}
857006,1,{8: [38]}
47.5,1,{8: [40]}
42.9,1,{8: [43]}
note:,19,"{8: [45], 13: [25], 15: [54], 16: [46], 21: [63], 25: [44], 30: [24], 41: [26], 52: [47], 56: [44], 61: [48], 64: [56], 66: [23], 68: [33], 74: [22], 76: [65], 81: [39], 87: [13], 88: [45]}"
charg,6,"{8: [50], 11: [44], 42: [29], 56: [61], 76: [97], 94: [49]}"
discontinu,6,"{8: [51], 13: [43], 25: [48], 39: [27, 37], 61: [54], 76: [72]}"
1060848,1,{8: [53]}
canada,1,"{9: [0, 31]}"
oil,7,"{9: [1, 9, 21, 66], 11: [22], 47: [28, 60, 125, 144, 277, 287, 305], 50: [5, 18, 24, 40, 77, 130, 161, 248, 252, 264, 270, 328, 333, 351, 370, 448], 59: [245, 256, 272], 72: [31, 65, 82, 90, 101, 104], 89: [77]}"
20,5,"{9: [4, 12], 40: [35], 44: [9, 17], 71: [56], 74: [8]}"
1986,20,"{9: [7, 14], 13: [26], 14: [50], 22: [1, 15, 23, 37], 25: [59], 29: [30], 35: [1, 7, 37, 53], 41: [27], 47: [114], 50: [446], 68: [44], 69: [70], 71: [82], 76: [66, 90], 86: [42], 87: [18, 32], 88: [64], 89: [1, 16, 54, 81, 95, 118], 92: [42], 94: [69]}"
canadian,1,"{9: [8, 52, 102]}"
previou,4,"{9: [15, 36], 10: [28], 59: [287], 89: [127]}"
33.96,1,{9: [17]}
cubic,1,"{9: [19, 28, 40, 50, 59, 73, 81, 89, 100, 109]}"
meter,1,"{9: [20, 29, 51, 74, 82, 101]}"
import,4,"{9: [22, 83], 11: [20], 24: [7, 12, 18, 41, 83, 93, 100], 69: [17]}"
soar,1,{9: [23]}
25.2,1,{9: [24]}
20.58,1,{9: [26]}
meanwhil,1,{9: [34]}
unchang,2,"{9: [35], 59: [286]}"
91.09,1,{9: [38]}
feet.,1,{9: [41]}
natur,2,"{9: [42, 91], 47: [126, 129]}"
ga,3,"{9: [43, 92], 47: [127, 130], 72: [105]}"
plung,1,{9: [45]}
19.4,1,{9: [46]}
21.09,1,{9: [48]}
slip,1,{9: [54]}
4.1,1,{9: [55]}
48.09,1,{9: [57]}
meters.,1,"{9: [60, 90, 110]}"
feder,10,"{9: [62], 27: [8], 28: [0, 14], 31: [0, 6, 39, 52], 51: [7], 55: [11], 58: [1, 7], 69: [14], 98: [29], 99: [15]}"
agenc,2,"{9: [63], 70: [28]}"
fell,2,"{9: [68, 94], 98: [19, 38]}"
4.0,2,"{9: [69], 59: [210]}"
7.73,1,{9: [71]}
5.2,1,{9: [77]}
2.84,1,{9: [79]}
12.3,2,"{9: [85], 68: [26]}"
2.1,2,"{9: [87], 71: [39]}"
16.3,1,{9: [95]}
month,6,"{9: [97], 26: [54], 39: [59], 47: [230], 59: [182], 69: [62]}"
2.51,1,{9: [98]}
eas,1,{9: [104]}
10.2,2,"{9: [105], 74: [18]}"
5.25,1,{9: [107]}
coffe,2,"{10: [0, 10], 69: [12, 24, 84, 99, 108, 137]}"
sugar,4,"{10: [1, 11], 73: [6, 16, 22, 29, 43, 64, 76], 84: [24, 45, 134], 91: [14, 44]}"
and,4,"{10: [2], 46: [3], 64: [1], 70: [1]}"
name,4,"{10: [5, 74], 15: [56], 21: [65], 88: [47]}"
chairman,4,"{10: [6, 19, 24, 29, 33, 45, 77], 62: [72], 72: [10, 238], 83: [1, 11]}"
(csce),1,{10: [14]}
elect,2,"{10: [15, 55, 83], 83: [125]}"
former,2,"{10: [16], 56: [65]}"
vice,1,"{10: [18, 59, 65, 69, 76]}"
gerald,1,{10: [20]}
clanci,1,"{10: [21, 39]}"
two-year,1,{10: [22]}
manag,6,"{10: [26, 44], 37: [1, 15], 47: [31], 69: [10], 85: [7], 86: [40]}"
replac,2,"{10: [27], 62: [90]}"
howard,1,{10: [30]}
katz.,1,{10: [31]}
katz,1,{10: [32]}
1985,11,"{10: [35], 13: [27, 45], 16: [47, 57, 63], 22: [6], 24: [91, 124], 25: [45], 35: [20, 45, 61], 47: [147], 76: [104], 81: [40], 89: [27, 70]}"
remain,3,"{10: [36], 73: [52], 83: [105]}"
member.,1,{10: [38]}
serf,1,{10: [41]}
appeal,1,{10: [46]}
execut,5,"{10: [47, 58], 22: [19], 62: [95, 101], 69: [29], 83: [127, 148, 160]}"
pension,1,{10: [48]}
polit,1,{10: [49]}
committees.,1,{10: [51]}
csce,1,{10: [53]}
charl,1,{10: [56]}
nastro,1,{10: [57]}
presid,2,"{10: [60, 70, 80], 62: [88]}"
shearson,2,"{10: [61], 50: [48]}"
lehman,2,"{10: [62], 50: [49]}"
bro,1,{10: [63]}
chairman.,2,"{10: [66], 56: [66]}"
anthoni,1,{10: [67]}
maccia,1,{10: [68]}
woodhous,1,{10: [71]}
drake,1,{10: [72]}
carey,1,{10: [73]}
clifford,1,{10: [78]}
evan,1,{10: [79]}
demico,1,{10: [81]}
treasurer.,1,{10: [84]}
most,1,{11: [0]}
ec,3,"{11: [1, 36, 48], 24: [19, 82, 114], 84: [3, 22, 32, 97, 132, 149, 186]}"
state,4,"{11: [2, 15, 38], 69: [91], 70: [14], 72: [255]}"
to,11,"{11: [4], 14: [3], 20: [4], 27: [5], 37: [8, 22], 42: [3], 47: [5], 54: [2], 58: [3], 70: [4], 82: [4]}"
be,1,{11: [5]}
against,1,{11: [6]}
oils/fat,1,{11: [7]}
tax,5,"{11: [8, 19, 65], 22: [40], 64: [59], 68: [49], 84: [157]}"
european,5,"{11: [11, 25], 26: [35], 72: [240], 84: [20], 91: [43, 69]}"
commun,3,"{11: [12], 84: [21, 85, 123], 85: [36]}"
(ec),1,{11: [13]}
member,2,"{11: [14, 37], 47: [303]}"
either,1,{11: [16]}
strong,5,"{11: [17, 40], 27: [161], 38: [32], 50: [32], 71: [80]}"
domestically-produc,1,{11: [21]}
fat,1,{11: [23]}
senior,2,"{11: [27], 92: [68]}"
diplomat,1,{11: [28]}
they,4,"{11: [30, 54], 50: [338], 73: [34], 89: [99]}"
agricultur,3,"{11: [34], 82: [25], 84: [9, 86]}"
expert,1,{11: [35]}
voic,1,{11: [39]}
object,1,{11: [41]}
measur,2,"{11: [42], 27: [99]}"
prepar,2,"{11: [45], 27: [35]}"
ground,2,"{11: [46], 50: [41]}"
farm,2,"{11: [49], 84: [4, 76, 100, 172, 190, 218, 231]}"
price-fix,1,{11: [50]}
begin,2,"{11: [51], 50: [413]}"
next,2,"{11: [52], 42: [41]}"
monday.,1,{11: [53]}
ad,2,"{11: [55], 84: [204]}"
franc,2,"{11: [56], 84: [0, 14, 59, 108, 137, 184, 260]}"
itali,2,"{11: [57], 89: [89, 115]}"
indic,3,"{11: [58], 50: [246], 59: [119, 135]}"
support,4,"{11: [60], 27: [60], 38: [34], 59: [98]}"
lead,3,"{11: [64], 43: [99], 59: [18]}"
initi,6,"{11: [66], 16: [64], 34: [5], 53: [5, 13], 77: [4, 58], 95: [35]}"
330,1,{11: [67]}
ecu,1,{11: [68]}
round.,1,{11: [73]}
gould&lt;gld>,1,{12: [0]}
of,2,"{12: [3], 23: [5]}"
french,5,"{12: [4, 12], 26: [1, 6], 29: [3, 10], 84: [8], 91: [16]}"
batteri,2,"{12: [5, 13], 29: [4, 11]}"
unit,19,"{12: [6], 18: [9, 20], 20: [7, 17, 23, 41, 54], 27: [183], 29: [5, 12, 29], 33: [2], 39: [19, 38, 51], 42: [6], 43: [76], 50: [57, 433], 65: [17], 69: [90], 71: [47, 79], 72: [254], 85: [13], 86: [3, 15], 91: [2], 92: [84], 95: [18]}"
gould,2,"{12: [7, 27, 31], 29: [0, 6]}"
busi,5,"{12: [14], 43: [66], 91: [29, 73], 96: [1, 14], 98: [2, 55]}"
compagni,1,{12: [15]}
francais,2,"{12: [16], 29: [14]}"
d'electro,2,"{12: [17], 29: [15]}"
chimi,2,"{12: [18], 29: [16]}"
group,7,"{12: [19], 29: [17], 32: [8], 47: [137, 169], 83: [103], 91: [32], 92: [65]}"
investor,6,"{12: [20], 29: [18], 43: [90, 111], 50: [109], 72: [140], 92: [64]}"
unit',5,"{12: [22], 20: [69], 29: [20], 43: [28], 92: [67]}"
employe,3,"{12: [23], 29: [21], 94: [24]}"
&lt;gnb,2,"{12: [24], 29: [22]}"
minnesota.,2,"{12: [26], 29: [24]}"
deal.,1,{12: [30]}
divest,1,{12: [38]}
asset,6,"{12: [39], 14: [33, 39], 47: [122], 50: [343], 72: [25, 83], 100: [40]}"
unrel,1,{12: [40]}
electron,3,"{12: [42], 61: [1], 62: [6]}"
businesses.,2,"{12: [43], 72: [32]}"
shoe,1,{13: [0]}
town,1,{13: [1]}
&lt;shu>,1,{13: [3]}
jan,1,{13: [6]}
three,4,"{13: [7], 39: [18, 29, 50], 73: [40], 79: [35]}"
1987,3,"{13: [8], 79: [18], 88: [52]}"
51,1,{13: [10]}
5524000,1,{13: [16]}
8094000,1,{13: [18]}
142.4,1,{13: [20]}
137.2,1,{13: [23]}
785000,1,{13: [32]}
eight,4,"{13: [34], 72: [162], 76: [39], 99: [8]}"
59000,1,{13: [37]}
respect,3,"{13: [42], 76: [87], 79: [47]}"
operations.,1,{13: [44]}
1985.,5,"{13: [50], 24: [50, 111], 59: [117], 76: [89], 89: [42, 57, 98, 139]}"
wisconsin,1,"{14: [1, 8, 25, 38]}"
&lt;fwb>,1,{14: [2]}
minnesota,1,{14: [5]}
shelard,1,"{14: [13, 27, 45, 56]}"
bancshar,2,"{14: [14], 70: [9]}"
acquisit,7,"{14: [21], 33: [32], 50: [97], 70: [6], 85: [41], 86: [29], 100: [27]}"
minnesota-bas,1,{14: [22]}
bank.,1,"{14: [23, 52]}"
two,8,"{14: [30, 55], 25: [64], 40: [12, 23], 49: [59, 66, 72], 50: [152], 59: [177], 88: [2], 94: [59, 73]}"
168,1,{14: [34]}
yearend,2,"{14: [40], 22: [84]}"
7.1,1,{14: [41]}
12,4,"{14: [48], 47: [213, 229], 81: [21], 88: [25]}"
it,6,"{14: [53], 20: [21], 24: [51, 112], 58: [25], 92: [91], 99: [25]}"
offic,1,{14: [60]}
minneapolis-st.,1,{14: [61]}
paul,1,{14: [62]}
area.,1,{14: [63]}
american,7,"{15: [0, 57], 21: [0, 66], 27: [55], 35: [49], 36: [0, 7], 71: [0, 8, 49, 64, 88], 100: [3, 9, 17, 33]}"
nurseri,2,"{15: [1, 58], 21: [1, 67]}"
&lt;ansy>,2,"{15: [3], 21: [3]}"
3rd,4,"{15: [4], 18: [5, 16], 21: [4], 61: [4]}"
feb,5,"{15: [9], 19: [8], 21: [9], 88: [4], 92: [40]}"
191000,2,"{15: [21], 21: [21]}"
108000,2,"{15: [24], 21: [24]}"
6561000,2,"{15: [26], 21: [26]}"
5896000,2,"{15: [28], 21: [28]}"
nine,8,"{15: [29], 21: [36], 34: [9], 47: [253], 53: [16], 56: [12], 61: [26, 61], 69: [129]}"
mth,5,"{15: [30], 21: [37], 61: [27], 81: [22], 88: [3, 26]}"
871000,2,"{15: [41], 21: [48]}"
990000,2,"{15: [44], 21: [51]}"
9310000,2,"{15: [46], 21: [53]}"
8894000,2,"{15: [48], 21: [55]}"
avg,5,"{15: [49], 21: [29, 56], 64: [27, 51], 68: [28], 76: [28, 58]}"
3086386,1,{15: [51]}
2465996,1,{15: [53]}
fsi,1,{16: [1]}
&lt;nfsi>,1,{16: [3]}
4th,11,"{16: [4], 17: [3], 19: [6], 25: [3], 30: [25], 52: [4, 54], 56: [4], 64: [6], 74: [23], 76: [3], 81: [4]}"
six,10,"{16: [9], 17: [8], 26: [58], 34: [16], 39: [58], 50: [423], 59: [17, 125, 141], 61: [14], 73: [53], 74: [11]}"
166000,1,{16: [17]}
580000,1,{16: [20]}
3772000,1,{16: [22]}
5545000,1,{16: [24]}
52,1,{16: [32]}
391000,1,{16: [36]}
1425000,1,{16: [39]}
15.4,2,"{16: [41], 56: [40]}"
16.6,1,{16: [44]}
pro,1,{16: [50]}
forma,1,{16: [51]}
account,2,"{16: [53], 87: [21]}"
result,11,"{16: [55], 22: [2], 36: [6, 13], 42: [26], 43: [39], 58: [20, 29], 79: [39], 83: [46], 84: [48], 87: [16, 19], 94: [4, 20, 34]}"
reeacquisit,1,{16: [58]}
origin,2,"{16: [60], 83: [88, 111]}"
august,1,{16: [62]}
public,5,"{16: [65], 18: [1, 12], 26: [4, 14, 32], 39: [1, 6, 47], 43: [89]}"
offering.,1,{16: [66]}
discu,3,"{17: [0], 26: [3], 69: [44]}"
&lt;disc>,1,{17: [2]}
seven,4,"{17: [12], 52: [33], 59: [81], 81: [8]}"
125000,1,{17: [16]}
140000,1,{17: [19]}
2.4,2,"{17: [21], 84: [258]}"
2.2,1,{17: [24]}
14,3,"{17: [33], 75: [19], 76: [98]}"
271000,1,{17: [37]}
211000,2,"{17: [40], 56: [51]}"
10.1,1,{17: [42]}
8.2,1,{17: [45]}
entertain,2,"{18: [0, 11], 39: [0, 5, 46]}"
31,11,"{18: [3, 14], 39: [12], 61: [7], 62: [36], 69: [35], 76: [9], 77: [28], 79: [17], 92: [22], 93: [49], 94: [19]}"
cts/shr,1,"{18: [4, 15]}"
on,2,"{18: [8, 19], 89: [43, 106]}"
dispos,3,"{18: [10, 21], 39: [17], 50: [399, 409]}"
'n,1,{19: [1]}
pak,1,{19: [2]}
store,3,"{19: [3], 28: [2, 16], 31: [8]}"
&lt;pnp>,1,{19: [5]}
11,6,"{19: [12], 31: [70], 47: [212], 76: [75], 89: [48], 100: [30]}"
1129000,1,{19: [18]}
1301000,1,{19: [20]}
83.2,1,{19: [22]}
74.5,1,{19: [25]}
57,2,"{19: [29], 88: [11]}"
82,1,{19: [32]}
5686000,1,{19: [35]}
8168000,1,{19: [37]}
398.4,1,{19: [39]}
333.8,1,{19: [42]}
(corrected),1,{20: [0]}
mobil,1,"{20: [2, 8]}"
&lt;mob>,1,{20: [3]}
upgrad,1,"{20: [5, 15]}"
refineri,1,{20: [6]}
spend,2,"{20: [11], 26: [5, 15, 33]}"
30,8,"{20: [12], 30: [8], 34: [13], 53: [22], 57: [7], 59: [276], 60: [12], 76: [13]}"
gasoline-produc,1,{20: [16]}
beaumont,1,{20: [18]}
texa,3,"{20: [19], 50: [310], 72: [103]}"
refinery.,1,{20: [20]}
catalyt,1,{20: [24]}
reform,3,"{20: [25], 27: [4], 84: [19, 94]}"
low-octan,1,{20: [27]}
compon,1,"{20: [28, 31, 59]}"
gasolin,1,"{20: [29, 58]}"
high-octan,1,{20: [30]}
use,2,"{20: [32], 77: [85]}"
super,1,{20: [33]}
unlead,1,{20: [34]}
gasoline.,1,{20: [35]}
modern,1,{20: [39]}
allow,3,"{20: [40], 27: [129], 69: [94]}"
regener,1,{20: [42]}
catalyst,1,{20: [43]}
basi,3,"{20: [45], 31: [57], 89: [46, 107]}"
without,1,{20: [46]}
shutdown.,1,{20: [47]}
must,2,"{20: [49], 72: [252]}"
shut,1,{20: [50]}
twice,1,{20: [51]}
produc,3,"{20: [55], 83: [37, 116, 131, 134], 84: [46, 52, 139, 265]}"
46000,1,{20: [56]}
barrel,4,"{20: [57], 47: [291], 50: [39], 59: [260]}"
day.,1,{20: [60]}
construct,2,"{20: [61], 54: [17]}"
start,2,"{20: [62], 69: [136]}"
set,11,"{20: [66], 28: [10, 24], 32: [3], 34: [4], 46: [6], 53: [4], 59: [3, 21], 69: [31], 72: [204], 77: [3], 95: [5]}"
mid-1989.,1,{20: [67]}
(correct,1,{20: [68]}
output,4,"{20: [70], 24: [137], 69: [119], 84: [98, 268]}"
barrels/day,1,{20: [71]}
barrels/year),1,{20: [72]}
3.6,1,{21: [31]}
2.5,1,"{21: [34, 61]}"
3.1,1,{21: [58]}
inc.,2,"{21: [69], 50: [51]}"
volvo,1,"{22: [0, 8, 57, 59]}"
off,1,{22: [3]}
from,2,"{22: [5], 82: [6]}"
ab,1,{22: [7]}
&lt;volv.st>,1,{22: [9]}
weaken,1,{22: [11]}
dollar,6,"{22: [12], 26: [45], 51: [29, 56], 59: [99], 72: [202], 89: [80]}"
caus,1,{22: [13]}
drop,3,"{22: [14], 24: [3], 59: [274]}"
chief,3,"{22: [18], 62: [94, 100, 103], 69: [100]}"
pehr,1,{22: [20]}
gyllenhammar,1,"{22: [21, 50]}"
volvo',1,{22: [25]}
best,2,"{22: [26], 79: [4]}"
ever.,1,{22: [28]}
releas,2,"{22: [32], 98: [59]}"
group',1,{22: [36]}
alloc,1,{22: [39]}
7.53,1,{22: [41]}
crown,1,"{22: [43, 91]}"
1985',1,"{22: [45, 92]}"
7.60,1,{22: [46]}
billion.,2,"{22: [47, 94], 98: [43, 53]}"
despit,1,{22: [48]}
fall,11,"{22: [49], 24: [13, 60, 84, 94, 117, 127], 48: [4, 17], 50: [132, 335], 59: [225], 72: [200], 73: [62], 84: [118], 89: [76], 96: [3, 16], 98: [4]}"
"""sale",1,{22: [52]}
industri,6,"{22: [53, 81], 40: [1], 64: [3], 91: [24], 92: [1, 8], 98: [9]}"
never,1,{22: [55]}
higher,5,"{22: [56, 67], 50: [21], 71: [4], 89: [24], 92: [28]}"
car,1,{22: [58]}
truck,1,{22: [60]}
year-end.,1,{22: [63]}
incom,2,"{22: [65], 76: [71]}"
"earlier.""",1,{22: [69]}
he,9,"{22: [70], 26: [37], 27: [58], 47: [132, 257], 50: [143], 51: [45], 59: [45, 92, 118, 134, 253], 69: [123], 72: [45, 107, 181]}"
company',6,"{22: [72, 83], 47: [121, 207], 71: [75], 79: [75, 80], 88: [66], 92: [37]}"
strength,1,{22: [74]}
gave,1,{22: [75]}
except,2,"{22: [76], 50: [137]}"
opportun,1,{22: [77]}
invest,5,"{22: [78], 27: [76], 32: [1, 7], 50: [364], 68: [37]}"
future.,1,{22: [79]}
84.09,1,{22: [89]}
86.19,1,{22: [93]}
&lt;meridian,1,"{23: [0, 7]}"
energy>,1,{23: [1]}
caston,1,"{23: [2, 10]}"
letter,3,"{23: [4, 19], 38: [26], 42: [12]}"
intent,4,"{23: [6, 20], 38: [27], 42: [13], 47: [270]}"
energi,4,"{23: [8], 50: [92], 72: [24, 52], 75: [1]}"
develop,4,"{23: [11], 89: [15], 92: [77], 95: [19, 37]}"
privately-held,1,{23: [13]}
jointli,2,"{23: [15], 93: [15]}"
decid,3,"{23: [17], 59: [101], 69: [37]}"
meridian,1,{23: [21]}
castone.,1,{23: [24]}
sharp,3,"{24: [2], 73: [61], 84: [117]}"
world,5,"{24: [5, 8, 37], 27: [194], 47: [197, 286], 69: [133], 73: [28, 63]}"
iron,1,"{24: [6, 10, 39, 57]}"
seaborn,1,"{24: [9, 38]}"
ore,1,"{24: [11, 40, 58]}"
sharpli,2,"{24: [14], 26: [51]}"
2000,2,"{24: [16, 45, 88, 121], 56: [16]}"
declin,6,"{24: [17], 26: [38], 27: [191], 47: [96], 51: [18], 79: [52]}"
partial,1,{24: [21]}
offset,2,"{24: [22], 42: [46]}"
demand,1,"{24: [24, 56, 69]}"
south,1,"{24: [25, 101, 132]}"
east,1,"{24: [26, 102]}"
asia,1,"{24: [27, 103]}"
ocean,1,{24: [29]}
ship,1,"{24: [30, 55, 68]}"
consult,2,"{24: [31], 83: [62]}"
predict,2,"{24: [35, 113], 72: [199]}"
267.7,1,{24: [42]}
versu,1,{24: [46]}
312.4,1,{24: [47]}
bulk,1,{24: [54]}
sector,2,"{24: [59], 84: [26, 280]}"
10,8,"{24: [62], 25: [56], 59: [240], 60: [20], 78: [16, 30], 81: [45], 92: [46], 98: [12]}"
200,3,"{24: [64], 31: [50], 77: [46]}"
mile,1,{24: [67]}
associ,4,"{24: [70], 27: [42, 67, 91], 66: [2], 72: [43]}"
coke,1,{24: [71]}
17,2,"{24: [73], 59: [230]}"
130,1,{24: [75]}
miles.,1,{24: [78]}
91.7,1,{24: [85]}
123.6,1,{24: [89]}
89,2,"{24: [95], 87: [22]}"
124.6,1,{24: [97]}
tonnes.,2,"{24: [99], 82: [46]}"
seen,4,"{24: [104], 47: [37], 59: [250], 91: [3]}"
58.6,1,{24: [106]}
32.6,1,{24: [108]}
steel,1,{24: [115]}
109,1,{24: [118]}
135.7,1,{24: [122]}
92,1,{24: [128]}
105.3,1,{24: [130]}
mln.,2,"{24: [131], 31: [51]}"
korea,1,{24: [133]}
taiwan,1,{24: [134]}
doubl,1,{24: [136]}
chines,1,{24: [141]}
80,1,{24: [147]}
added.,5,"{24: [149], 47: [231, 325], 59: [217], 72: [130], 94: [50]}"
goldfield,1,{25: [0]}
&lt;gv>,1,{25: [2]}
527065,1,{25: [17]}
1204080,1,{25: [20]}
622470,1,{25: [22]}
613205,1,{25: [24]}
1099778,1,{25: [36]}
3282478,1,{25: [39]}
7579547,1,{25: [41]}
6068254,1,{25: [43]}
exclud,5,"{25: [46, 61], 64: [58], 68: [35, 46], 76: [70, 95, 108], 98: [17]}"
extraordinari,6,"{25: [62], 52: [51, 60], 76: [96, 109], 78: [11, 28], 81: [43], 88: [55]}"
gain,10,"{25: [63], 42: [47], 43: [41, 53], 56: [48], 58: [5, 19], 68: [38], 71: [61], 76: [110], 81: [44], 88: [56]}"
british,5,"{26: [0, 18], 47: [10], 50: [7, 215, 231, 240, 247, 258, 321, 396], 72: [6, 17], 73: [47]}"
financ,4,"{26: [7], 47: [188], 62: [16], 69: [74]}"
edouard,2,"{26: [9], 83: [141]}"
balladur,1,{26: [10]}
discuss,4,"{26: [11], 72: [77], 83: [78], 84: [64]}"
need,3,"{26: [12], 47: [181], 62: [2, 15]}"
talk,4,"{26: [16], 38: [5], 69: [63, 79], 72: [3, 16, 49, 194]}"
chancellor,1,{26: [19]}
exchequ,1,{26: [20]}
nigel,1,{26: [21]}
lawson,1,{26: [22]}
treasuri,3,"{26: [23], 49: [69], 51: [92]}"
spokesman,3,"{26: [24, 27], 43: [46], 99: [23]}"
economi,1,{26: [31]}
domest,2,"{26: [34], 89: [19]}"
community-wide.,1,{26: [36]}
comment,2,"{26: [39], 51: [19]}"
whether,5,"{26: [40], 51: [64], 59: [168], 72: [138], 84: [225]}"
subject,4,"{26: [41], 42: [71], 70: [25], 93: [56]}"
concert,2,"{26: [42], 51: [23]}"
shore,1,{26: [44]}
arisen.,1,{26: [46]}
dip,1,{26: [50]}
rel,2,"{26: [55], 73: [44]}"
stabil,4,"{26: [56], 47: [319], 59: [40], 72: [232]}"
industrialis,2,"{26: [60], 59: [19, 215]}"
pari,4,"{26: [62], 51: [52], 59: [0, 14], 91: [1, 56]}"
stabilis,2,"{26: [65], 59: [87]}"
currencies.,1,{26: [66]}
fed',3,"{27: [0], 45: [0, 8], 51: [0]}"
heller,3,"{27: [1, 13, 43, 97, 110, 137, 154, 185], 45: [1, 9], 51: [1, 12, 37, 59]}"
urg,1,{27: [2]}
broad,1,{27: [3]}
aid,2,"{27: [6], 84: [244, 278, 287]}"
governor,3,"{27: [11], 51: [10], 59: [10]}"
robert,4,"{27: [12], 50: [115], 51: [11], 72: [141]}"
could,6,"{27: [17], 47: [292], 59: [249], 69: [36], 83: [49], 84: [205, 247]}"
strengthen,1,"{27: [18, 54]}"
permit,2,"{27: [19, 142, 200], 83: [84]}"
format,1,{27: [20]}
like,3,"{27: [27], 39: [39], 83: [140, 155]}"
insur,3,"{27: [29, 75], 33: [14, 21], 68: [1]}"
real,4,"{27: [30, 78], 50: [268], 84: [50], 89: [25]}"
estat,1,"{27: [31, 79]}"
securities.,2,"{27: [32], 77: [56]}"
speech,3,"{27: [34], 51: [40], 72: [39, 197]}"
deliveri,2,"{27: [36], 82: [23, 41]}"
analysts',1,{27: [41]}
believ,4,"{27: [46], 50: [294, 301], 51: [99], 69: [16]}"
diversif,1,"{27: [48, 173]}"
along,1,{27: [49]}
geograph,1,{27: [50]}
key,1,{27: [53]}
"system.""",1,{27: [57]}
idea,1,{27: [61]}
advoc,1,{27: [66]}
regul,1,{27: [71]}
variou,1,{27: [72]}
thrift,1,{27: [74]}
secur,5,"{27: [77], 38: [0, 6, 29], 43: [15], 62: [78], 94: [35]}"
handl,2,"{27: [82], 50: [437]}"
function,1,{27: [83]}
lines.,2,"{27: [84], 65: [40]}"
"""limit",1,{27: [85]}
place,2,"{27: [87], 50: [245]}"
extens,1,{27: [88]}
credit,4,"{27: [89], 38: [11, 36, 40], 47: [204], 64: [60]}"
institut,3,"{27: [92], 85: [39], 89: [113]}"
transact,2,"{27: [93], 100: [38]}"
arms-length,1,{27: [95]}
"basis""",1,{27: [96]}
necessari,1,{27: [101]}
avoid,2,"{27: [102], 84: [169]}"
abus,1,{27: [103]}
banks',2,"{27: [104], 59: [183]}"
posit,4,"{27: [106, 134], 38: [52], 50: [263, 380], 69: [88]}"
subsidiaries.,1,{27: [109]}
"""would",1,"{27: [112, 158]}"
requir,1,{27: [113]}
serv,1,{27: [116]}
'sourc,1,{27: [117]}
strength',1,{27: [118]}
commit,3,"{27: [121], 38: [42], 82: [49]}"
maintain,4,"{27: [122], 47: [293], 50: [225], 72: [123]}"
bank',2,"{27: [123], 49: [24]}"
capital.,1,{27: [124]}
"""in",1,{27: [125]}
word,2,"{27: [126], 84: [58]}"
fail,1,{27: [130]}
long,1,{27: [131]}
"worth.""",1,{27: [136]}
commerci,3,"{27: [140], 97: [1, 14], 98: [8, 44]}"
enterpris,1,"{27: [141, 152]}"
provis,1,{27: [147]}
capit,4,"{27: [148], 32: [16], 56: [47], 62: [68]}"
flow,2,"{27: [150], 47: [116]}"
necessary.,1,{27: [153]}
effect,2,"{27: [156], 59: [77, 107, 129, 145]}"
least,2,"{27: [160], 59: [200]}"
corpor,1,"{27: [162, 181]}"
"them""",1,{27: [164]}
custom,2,"{27: [165], 85: [43]}"
assur,2,"{27: [167], 62: [19]}"
incent,1,{27: [168]}
"""loot",1,{27: [169]}
"bank""",1,{27: [170]}
removed.,1,{27: [171]}
such,1,{27: [172]}
give,2,"{27: [175], 84: [57]}"
across,1,{27: [182]}
states.,2,"{27: [184], 50: [434]}"
"""the",6,"{27: [189], 39: [36], 50: [428], 51: [28], 59: [72, 106, 176], 84: [192]}"
steadi,1,{27: [190]}
america',1,{27: [192]}
leagu,1,{27: [196]}
tabl,1,{27: [197]}
"arrested""",1,{27: [199]}
competitive.,1,{27: [202]}
depart,3,"{28: [1, 15], 31: [1, 7], 82: [26, 29, 55]}"
qtli,7,"{28: [5, 19], 31: [4], 34: [7], 44: [7], 46: [8], 60: [7], 75: [5]}"
div,6,"{28: [6, 20], 34: [8], 44: [8], 46: [9], 60: [6, 8], 75: [6]}"
by,1,"{28: [7, 21]}"
10.5,3,"{28: [8, 22], 31: [22], 61: [43]}"
2-for-1,1,"{28: [11, 25]}"
&lt;gld>,1,{29: [1]}
cie,1,{29: [13]}
disclosed.,5,"{29: [27], 33: [33], 54: [28], 86: [31], 92: [71]}"
65,2,"{29: [32], 42: [58]}"
advanc,3,"{30: [0], 62: [65], 84: [235]}"
genet,1,{30: [1]}
scienc,3,"{30: [2], 42: [51], 86: [39]}"
&lt;agsi>,1,{30: [3]}
73,1,{30: [12]}
3895267,1,{30: [16]}
8250222,1,{30: [19]}
3237235,1,{30: [21]}
234745,1,{30: [23]}
data,7,"{30: [27], 38: [13], 74: [25], 85: [33], 89: [108], 92: [81], 98: [57]}"
&lt;fds>,1,{31: [2]}
dividend,10,"{31: [5, 15, 54], 32: [5, 26, 35], 34: [6], 40: [15, 26, 32], 44: [6], 46: [7], 53: [15], 75: [4], 78: [13, 29], 80: [13, 20]}"
quarterli,3,"{31: [12], 53: [6, 14], 80: [12]}"
74,2,"{31: [16], 59: [264]}"
67,1,{31: [19]}
pct.,4,"{31: [23], 49: [61, 74], 59: [241], 72: [180]}"
100,2,"{31: [33], 55: [26]}"
dividend.,2,"{31: [36], 32: [23]}"
at,2,"{31: [37], 69: [5]}"
ask,2,"{31: [41], 59: [167]}"
number,2,"{31: [45], 59: [34]}"
author,1,{31: [46]}
400,1,{31: [48]}
payabl,6,"{31: [55], 40: [33], 53: [20], 75: [14], 78: [19], 80: [21]}"
pre-split,1,{31: [56]}
april,13,"{31: [58, 62], 32: [45], 34: [12, 15], 40: [34, 38], 42: [70], 50: [414], 53: [21, 24], 60: [16, 19], 69: [43], 75: [18], 77: [21, 98], 78: [23], 80: [22, 26]}"
24,2,"{31: [59], 86: [44]}"
record,14,"{31: [61], 32: [44], 34: [14], 36: [3, 10], 40: [37], 44: [18], 46: [19], 53: [23], 60: [18], 71: [18, 37], 75: [17], 78: [22], 79: [28, 65], 80: [25]}"
10.,1,{31: [63]}
distribut,3,"{31: [68], 32: [20], 77: [11, 59, 96]}"
danzar,1,"{32: [0, 6, 24, 39]}"
&lt;dnzr>,1,{32: [2]}
receiv,8,"{32: [11], 38: [31], 55: [9, 23], 62: [47], 65: [32], 72: [85], 77: [64], 93: [31]}"
&lt;commonwealth,1,{32: [15]}
settlement,1,{32: [18]}
debt,2,"{32: [19], 47: [208]}"
stockhold,1,{32: [22]}
18750000,1,{32: [29]}
commonwealth,2,"{32: [30], 75: [0]}"
holds.,1,{32: [33]}
39.9,1,{32: [36]}
paid,4,"{32: [42], 40: [28], 47: [140], 78: [27]}"
fidel,1,"{33: [0, 6, 11]}"
&lt;fnf>,1,{33: [1]}
california,2,"{33: [4, 24], 95: [0, 7, 27]}"
concern,3,"{33: [5], 38: [15], 50: [107]}"
titl,1,"{33: [13, 20]}"
safeco,1,{33: [19]}
northern,1,{33: [23]}
counti,1,{33: [25]}
alameda,1,{33: [26]}
contra,1,{33: [27]}
costa,1,{33: [28]}
san,1,{33: [29]}
mateo.,1,{33: [30]}
home,3,"{34: [0], 53: [0, 7], 79: [1, 10, 51, 70]}"
save,3,"{34: [1], 53: [1, 8], 58: [8]}"
&lt;hmsb>,2,"{34: [3], 53: [3]}"
cotton,1,"{35: [4, 10, 34]}"
gin,1,"{35: [5, 11, 35, 51]}"
9438425,1,{35: [13]}
run,2,"{35: [14], 72: [221]}"
bale,1,"{35: [15, 18, 23, 41, 44, 47, 57, 60, 64]}"
12987834,1,{35: [17]}
12544866,1,{35: [22]}
end-1984,1,{35: [24]}
censu,1,{35: [27]}
bureau,1,"{35: [28, 31, 66]}"
upland,1,{35: [33]}
9237296,1,{35: [40]}
12837088,1,{35: [43]}
12418749,1,{35: [46]}
1984.,1,{35: [48]}
pima,1,{35: [50]}
201129,1,{35: [56]}
150746,1,{35: [59]}
126117,1,{35: [63]}
1984,1,{35: [65]}
brand,2,"{36: [1, 8], 71: [1, 9, 65, 70, 89]}"
bp,4,"{37: [0, 14], 47: [0, 30, 45, 53, 99, 104, 153, 168, 180, 191, 259], 50: [52, 367, 402], 72: [56, 78]}"
director,4,"{37: [2, 16], 47: [32], 62: [89], 83: [128, 149]}"
doe,2,"{37: [5, 19], 47: [2]}"
not,2,"{37: [6, 20], 47: [3]}"
hike,4,"{37: [9, 23], 44: [5], 47: [6], 60: [5]}"
70,4,"{37: [10, 24], 47: [18, 107, 157], 50: [60, 228], 72: [60]}"
standard,4,"{37: [12, 26], 47: [7, 27, 238], 50: [17, 66, 201, 327, 340, 363, 418, 447], 72: [64]}"
&lt;spc>,1,{38: [1]}
user,1,"{38: [2, 22, 45, 47]}"
merger,5,"{38: [4, 20], 55: [3], 65: [5, 14, 23], 70: [19], 93: [5, 18, 55]}"
pacif,2,"{38: [7], 65: [19]}"
&lt;user,1,{38: [9]}
union,3,"{38: [12, 37, 41], 73: [10, 69], 84: [77, 177, 198]}"
process,2,"{38: [14], 85: [34]}"
mutual,2,"{38: [17], 48: [2, 15]}"
agre,7,"{38: [18], 51: [75], 59: [16], 62: [64], 84: [92], 86: [16], 91: [66]}"
withdraw,2,"{38: [19], 83: [156]}"
negotiations.,1,{38: [21]}
sign,3,"{38: [25], 42: [11], 95: [12]}"
merg,1,{38: [28]}
novemb,2,"{38: [30], 87: [30]}"
show,3,"{38: [33], 59: [76], 89: [17]}"
ownership,3,"{38: [38], 47: [275], 50: [347]}"
common.,1,{38: [46]}
strongest,1,{38: [50]}
24-year,1,{38: [53]}
history.,1,{38: [54]}
&lt;epub>,1,{39: [2]}
after-tax,2,"{39: [10], 43: [40, 52]}"
third,2,"{39: [15], 62: [32]}"
closed.,1,{39: [20]}
primarili,1,{39: [31]}
direct,1,{39: [33]}
mail,1,{39: [34]}
marketing.,1,{39: [35]}
goal,1,{39: [43]}
"future""",1,{39: [45]}
lost,1,{39: [52]}
900000,1,{39: [53]}
31.,1,{39: [62]}
chris-craft,1,"{40: [0, 6]}"
&lt;ccn>,1,{40: [3]}
regular,1,"{40: [4, 11]}"
payout,3,"{40: [5], 78: [5], 80: [5]}"
industi,1,{40: [7]}
declar,2,"{40: [10], 53: [12]}"
class,1,{40: [18]}
b,1,{40: [19]}
prior,7,"{40: [29], 44: [14], 46: [15], 60: [14], 61: [49], 75: [12], 87: [14]}"
six.,2,"{40: [39], 53: [25]}"
&lt;precambrian,2,"{41: [0], 87: [25]}"
shield,2,"{41: [1], 87: [26]}"
resourc,2,"{41: [2], 87: [1, 27]}"
1.93,1,{41: [8]}
16,2,"{41: [12], 64: [11]}"
53412000,1,{41: [16]}
4479000,1,{41: [19]}
24.8,1,{41: [21]}
32.7,1,{41: [24]}
51187000,1,{41: [31]}
writedown,1,{41: [33]}
uneconom,1,{41: [36]}
coal,1,{41: [37]}
miner,1,{41: [39]}
properti,3,"{41: [40], 43: [78], 80: [2, 8]}"
dennison,1,"{42: [0, 7]}"
manufactur,3,"{42: [1, 8], 92: [86], 95: [33]}"
&lt;dsn>,1,{42: [2]}
paper,3,"{42: [5, 16], 97: [2, 15], 98: [45]}"
dunn,1,"{42: [15, 54]}"
jame,1,"{42: [19, 64]}"
river,1,"{42: [20, 65]}"
&lt;jr>,1,{42: [22]}
undisclos,3,"{42: [23], 55: [19], 70: [22]}"
earnings.,2,"{42: [30], 63: [28]}"
saiud,1,{42: [33]}
partli,1,{42: [37]}
reduc,4,"{42: [38], 59: [195], 63: [24], 84: [239, 266]}"
conting,1,{42: [39]}
payment,2,"{42: [40], 77: [92]}"
previously-announc,1,{42: [48]}
hygeia,1,{42: [50]}
shares.,3,"{42: [53], 72: [156], 77: [34]}"
richmond,1,{42: [62]}
va.,1,{42: [63]}
close,5,"{42: [67], 59: [283], 73: [77], 77: [26], 91: [8]}"
satisfactori,1,{42: [75]}
labor,1,{42: [76]}
agreements.,1,{42: [77]}
pillsburi,1,"{43: [0, 9, 31, 47, 59, 75, 84, 101, 103]}"
&lt;psy>,1,{43: [1]}
file,1,"{43: [2, 12]}"
for,2,"{43: [3], 50: [4]}"
burger,1,"{43: [5, 26, 72, 109]}"
king,1,"{43: [6, 27, 73, 110]}"
mlp,1,{43: [7]}
registr,1,{43: [13]}
statement,2,"{43: [14], 99: [30]}"
partnership,1,"{43: [20, 25, 107]}"
master,1,"{43: [23, 79]}"
restaur,1,{43: [29]}
properties.,1,{43: [30]}
yield,1,{43: [35]}
73-82,1,{43: [36]}
20-23,1,{43: [42]}
aim,1,{43: [50]}
get,2,"{43: [51], 69: [114]}"
fiscal,3,"{43: [55], 84: [240], 94: [68]}"
may.,1,{43: [58]}
legal,1,{43: [67]}
contigencies.,1,{43: [68]}
anoth,2,"{43: [74], 47: [94]}"
qsv,1,{43: [77]}
partnership',1,{43: [81]}
partner.,1,{43: [83]}
list,2,"{43: [91], 91: [55]}"
exchange.,1,{43: [96]}
merril,1,{43: [97]}
lynch,1,{43: [98]}
underwrit,1,{43: [100]}
l.p.,1,{43: [112]}
republ,1,{44: [1]}
int'l,1,{44: [2]}
&lt;oldr>,1,{44: [4]}
19-1/2,1,{44: [12]}
june,4,"{44: [16, 19], 46: [17], 82: [19], 88: [63]}"
5,3,"{44: [20], 46: [18], 87: [31]}"
dollar',2,"{45: [3, 11], 51: [3, 14]}"
is,2,"{45: [6, 14], 51: [5]}"
appropri,4,"{45: [7, 15], 50: [289], 51: [6, 17, 35, 69], 59: [187]}"
carson,1,{46: [0]}
piri,1,{46: [1]}
scott,1,{46: [2]}
&lt;crn>,1,{46: [5]}
17-1/2,1,"{46: [10, 13]}"
&lt;bp>,2,"{47: [1], 72: [21]}"
&lt;srd>,2,"{47: [8], 72: [67]}"
petroleum,4,"{47: [11], 50: [8, 189, 216, 232, 241, 259, 322], 72: [7, 18, 40], 93: [8]}"
intend,2,"{47: [14], 83: [135]}"
david,2,"{47: [33], 72: [11]}"
simon,1,"{47: [34, 51, 246, 281, 314]}"
"""we",3,"{47: [36, 267, 307, 316], 59: [32, 128, 144, 201], 72: [33, 121]}"
progress,1,{47: [38]}
"game""",1,{47: [40]}
news,2,"{47: [43], 79: [68]}"
conference.,1,{47: [44]}
55,1,{47: [47]}
standard',1,"{47: [49, 113, 163, 248]}"
care,1,"{47: [54, 66]}"
quot,1,{47: [59]}
analyst,2,"{47: [61], 50: [26, 85, 237, 254, 319, 353, 361, 385, 389, 442]}"
identifi,1,{47: [63]}
bp',2,"{47: [65], 50: [30, 393, 419]}"
evalu,1,"{47: [67, 120]}"
offer.,2,"{47: [72], 50: [165]}"
think,3,"{47: [74, 81, 308], 50: [29, 38, 280, 375], 72: [228]}"
(an,1,{47: [75]}
increase),1,{47: [76]}
wrong.,1,{47: [79]}
fair,2,"{47: [83], 65: [0, 6, 24, 39]}"
specul,2,"{47: [86, 97], 50: [214]}"
"ligigation""",1,{47: [87]}
"""let'",1,{47: [89]}
wait,1,{47: [90]}
"runs.""",1,{47: [93]}
offici,1,"{47: [95, 105, 154]}"
might,3,"{47: [100], 50: [323], 59: [261]}"
7.2,1,{47: [111]}
independ,2,"{47: [119], 59: [59]}"
liquid,2,"{47: [128], 77: [8, 32]}"
reserves.,2,"{47: [131], 50: [373]}"
royal,1,{47: [135]}
dutch/shel,1,{47: [136]}
&lt;rd>,1,{47: [138]}
&lt;sc>,1,{47: [139]}
shell,1,{47: [143]}
5.1,1,{47: [148]}
flow.,2,"{47: [151], 62: [28]}"
premium,2,"{47: [162], 84: [40]}"
past,1,{47: [166]}
treasur,1,{47: [170]}
rodney,1,{47: [171]}
chase,1,"{47: [172, 221, 232]}"
half,5,"{47: [174], 50: [16], 59: [178], 72: [88], 99: [27]}"
two-third',1,{47: [176]}
7.4,2,"{47: [177], 50: [12, 70]}"
exist,2,"{47: [184], 83: [147]}"
sources.,2,"{47: [185], 73: [33]}"
rest,2,"{47: [187], 50: [91, 326]}"
debt.,1,{47: [190]}
draw,1,{47: [192]}
arrang,1,{47: [199]}
explained.,1,{47: [205]}
equiti,1,{47: [209]}
ratio,1,"{47: [210, 224]}"
percentag,1,{47: [214]}
point,4,"{47: [215, 279], 50: [157, 284], 59: [179], 83: [68]}"
33,1,{47: [217]}
back,2,"{47: [225], 84: [195]}"
within,2,"{47: [228], 51: [85]}"
50,3,"{47: [235], 50: [329, 345], 64: [35, 38]}"
oil',2,"{47: [239], 50: [202, 341]}"
institutions.,1,{47: [245]}
inform,1,"{47: [250, 268]}"
time.,1,{47: [256]}
regulatori,2,"{47: [261], 70: [27]}"
problem,4,"{47: [262], 59: [203], 63: [18], 72: [210]}"
delay,1,{47: [264]}
acquisition.,1,{47: [266]}
washington,1,{47: [269]}
we'v,1,{47: [271]}
integr,1,{47: [273]}
"reserves""",1,{47: [278]}
out.,1,{47: [280]}
chanc,1,{47: [284]}
18,6,"{47: [289], 50: [296], 59: [258], 96: [9, 22], 97: [9, 22], 98: [28]}"
stabl,2,"{47: [294], 51: [30]}"
due,5,"{47: [296], 63: [16], 83: [54, 124, 162], 84: [88], 92: [24]}"
mostli,1,{47: [297]}
polici,1,{47: [299]}
saudi,1,{47: [300]}
arabia,1,{47: [301]}
opec,2,"{47: [302], 50: [75]}"
production.,1,{47: [306]}
signal,2,"{47: [309], 50: [20, 35]}"
favor,1,{47: [312]}
"sometime""",1,{47: [313]}
hope,1,{47: [317]}
greater,1,{47: [318]}
money,2,"{48: [0, 13], 49: [1, 14]}"
fund,2,"{48: [3, 16], 62: [4, 14]}"
1.19,1,"{48: [5, 18]}"
latest,1,"{48: [9, 22]}"
ici,1,"{48: [11, 24]}"
given,2,"{49: [3], 87: [6]}"
further,1,{49: [4]}
437,1,"{49: [5, 16]}"
stg,1,"{49: [7, 18, 31, 50, 57, 68]}"
england,2,"{49: [11], 59: [9, 154, 221]}"
provid,4,"{49: [13], 59: [160], 85: [32], 86: [37]}"
assist,2,"{49: [19], 51: [93]}"
afternoon,1,{49: [20]}
session.,1,{49: [21]}
thi,2,"{49: [22], 89: [124]}"
bring,1,{49: [23]}
far,2,"{49: [27], 69: [92]}"
461,1,{49: [29]}
revis,3,"{49: [33], 89: [126], 94: [3, 10, 56]}"
shortag,1,{49: [34]}
forecast,1,{49: [35]}
450,1,{49: [36]}
stg.,1,{49: [38]}
central,3,"{49: [40], 51: [24], 59: [82, 96]}"
made,3,"{49: [42], 50: [242], 73: [4]}"
bill,1,"{49: [45, 70]}"
outright,1,{49: [46]}
compris,1,{49: [47]}
120,1,{49: [48]}
band,1,"{49: [51, 58, 71]}"
10-7/8,1,{49: [53]}
315,1,{49: [55]}
10-13/16,1,"{49: [60, 73]}"
bought,3,"{49: [65], 72: [182], 73: [11]}"
bp&lt;bp>,1,{50: [0]}
plc',1,{50: [9]}
le,1,{50: [15]}
patch,1,{50: [25]}
affirm,1,{50: [33]}
clear,3,"{50: [34], 60: [1], 84: [281]}"
confid,2,"{50: [36], 83: [45]}"
sanford,1,{50: [46]}
margosh,1,"{50: [47, 125, 286, 303]}"
brother,1,{50: [50]}
tender,2,"{50: [59], 55: [25]}"
own.,1,{50: [68]}
"""it'",2,"{50: [69], 69: [47]}"
(shows),1,{50: [74]}
war,1,{50: [76]}
"crack""",1,{50: [80]}
prescott,1,{50: [82]}
ball,1,{50: [83]}
turben,1,{50: [84]}
bruce,1,{50: [86]}
lazier.,1,{50: [87]}
"""behind",1,{50: [88]}
huge,1,{50: [89]}
implic,1,{50: [90]}
issu,2,"{50: [93], 89: [132]}"
particularli,1,{50: [96]}
"targets""",1,{50: [98]}
lazier,1,"{50: [99, 103]}"
mention,2,"{50: [102], 59: [93]}"
usx,2,"{50: [104], 72: [0, 8, 27, 47, 71, 84, 96, 109, 145, 168, 237]}"
energy-steel,1,{50: [106]}
court,2,"{50: [108, 117], 72: [143, 153]}"
carl,2,"{50: [110], 72: [159]}"
icahn,1,{50: [111]}
drew,1,{50: [112]}
attent,1,{50: [113]}
australian,2,"{50: [114], 72: [139]}"
holm,2,"{50: [116], 72: [142, 152]}"
rumor,1,{50: [120]}
swirl,1,{50: [122]}
forese,1,{50: [127]}
firm,2,"{50: [131], 86: [24]}"
takeov,2,"{50: [133], 72: [166]}"
situat,2,"{50: [134], 69: [113]}"
sever,2,"{50: [135, 220, 277], 83: [63]}"
possibl,2,"{50: [138], 72: [22, 50]}"
amerada,1,{50: [139]}
hess,1,{50: [140]}
&lt;ahc>.,1,{50: [142]}
found,2,"{50: [146], 62: [91]}"
partner,2,"{50: [147], 72: [242, 258]}"
round,1,{50: [149]}
matchmak,1,{50: [150]}
other,1,{50: [155]}
restructur,3,"{50: [156], 72: [29, 99], 92: [93]}"
unattractive.,1,{50: [159]}
ralli,1,{50: [163]}
respons,2,"{50: [164], 72: [93, 132]}"
exxon,1,{50: [166]}
&lt;xon>,1,{50: [168]}
1-1/8,1,"{50: [170, 176, 193]}"
88-1/2.,1,{50: [171]}
chevron,1,{50: [172]}
&lt;chv>,1,{50: [174]}
jump,1,{50: [175]}
58-7/8,1,{50: [177]}
texaco,1,{50: [178]}
&lt;tx>,1,{50: [179]}
climb,1,"{50: [180, 192]}"
1/4,1,{50: [181]}
37-3/4.,1,{50: [182]}
unoc,1,{50: [183]}
&lt;ucl>,1,{50: [185]}
1-3/4,1,{50: [187]}
occident,1,{50: [188]}
&lt;oxy>,1,{50: [191]}
34-3/4.,1,{50: [194]}
amoco,1,{50: [195]}
&lt;an>,1,{50: [197]}
1-3/8,1,{50: [199]}
83-3/4.,1,{50: [200]}
6-1/4,1,{50: [204]}
heavi,1,{50: [205]}
71-1/8.,1,{50: [207]}
session,3,"{50: [209], 69: [41], 83: [53]}"
high,1,{50: [210]}
72-1/4.,1,{50: [211]}
wall,1,{50: [212]}
street,1,{50: [213]}
boost,1,{50: [218]}
2-1/4,1,{50: [235]}
59-5/8.,1,{50: [236]}
fact,1,{50: [239]}
giant,2,"{50: [249], 72: [116]}"
outlook,1,{50: [251]}
industry.,1,{50: [253]}
bearish,1,{50: [262]}
prices.,1,{50: [265]}
"""they",1,"{50: [266, 288]}"
stay,1,{50: [272]}
(a,1,{50: [275]}
barrel),1,{50: [276]}
beat,1,{50: [281]}
hasti,1,{50: [282]}
retreat,1,{50: [283]}
"view""",1,{50: [285]}
look,2,"{50: [291, 295], 72: [230]}"
optimistically.,1,{50: [292]}
(long-term)...also,1,{50: [298]}
heart,1,"{50: [299, 300]}"
"exceeded""",1,{50: [302]}
benchmark,1,{50: [307]}
crude,1,{50: [308]}
west,3,"{50: [309], 51: [100], 72: [119]}"
intermedi,1,{50: [311]}
18.60,1,{50: [315]}
barrel.,1,{50: [318]}
brightest,1,{50: [342]}
alaskan,1,"{50: [348, 358]}"
prudho,1,{50: [349]}
bay,1,{50: [350]}
field.,1,{50: [352]}
north,2,"{50: [359], 85: [28]}"
slope.,1,{50: [360]}
extrem,1,{50: [365]}
attract,1,{50: [366]}
largest,1,{50: [369]}
hard-to-replac,1,{50: [372]}
long-rang,1,{50: [377]}
"market""",1,{50: [382]}
dean,1,{50: [383]}
witter,1,{50: [384]}
eugen,1,{50: [386]}
nowak,1,{50: [387]}
visibl,1,{50: [394]}
ahead,2,"{50: [395], 84: [180]}"
government',1,{50: [397]}
31.7,1,{50: [400]}
sometim,1,{50: [411]}
one.,1,{50: [415]}
after,2,"{50: [416], 77: [90]}"
way,1,{50: [429]}
no,4,"{50: [435], 51: [81], 59: [4], 69: [2]}"
"stock""",1,{50: [438]}
l.f.,1,{50: [440]}
rothschild,1,{50: [441]}
rosario,1,{50: [443]}
ilacqua.,1,{50: [444]}
345,1,{50: [451]}
10.02,1,{50: [455]}
308,1,{50: [462]}
13.82,1,{50: [466]}
widespread,2,"{51: [20], 83: [44]}"
intervent,3,"{51: [26], 59: [95], 84: [36]}"
week.,1,{51: [27]}
again...,1,{51: [31]}
"level""",1,{51: [36]}
analysts.,1,{51: [44]}
month',1,{51: [48]}
six-nat,1,"{51: [49, 66]}"
accord,4,"{51: [51, 67], 59: [47, 67, 75], 69: [125], 73: [31]}"
target,2,"{51: [54], 59: [5]}"
rang,1,{51: [55]}
"""academ",1,{51: [57]}
"way.""",1,{51: [58]}
determin,2,"{51: [63], 84: [196]}"
parti,1,{51: [65]}
step,1,{51: [70]}
carri,1,"{51: [71, 104]}"
longer-term,1,{51: [72]}
econom,3,"{51: [73], 72: [250], 89: [14]}"
paris.,1,{51: [76]}
"""clearli",1,{51: [77]}
they'v,1,{51: [78]}
implement,1,"{51: [79, 84]}"
yet...,1,{51: [80]}
"two""",1,{51: [87]}
secretari,1,{51: [94]}
senat,1,{51: [96]}
subcommitte,1,{51: [98]}
germani,1,{51: [101]}
responsibilities.,1,{51: [106]}
falcon,1,{52: [0]}
&lt;fal>,1,{52: [3]}
3.49,1,{52: [9]}
10.8,1,{52: [17]}
459000,1,{52: [21]}
4384000,1,{52: [23]}
2542000,1,{52: [25]}
4.41,1,{52: [29]}
13.7,1,{52: [37]}
218000,1,{52: [41]}
13.9,1,{52: [43]}
8864000,1,{52: [46]}
4904000,1,{52: [53]}
232000,1,{52: [57]}
2056000,1,{52: [63]}
460000,1,{52: [65]}
ago.,1,{52: [67]}
louisiana-pacif,1,"{54: [0, 5]}"
&lt;lpx>,1,{54: [1]}
sawmil,1,"{54: [4, 10]}"
lakeview,1,{54: [11]}
oregon,1,{54: [12]}
18000,1,{54: [13]}
acr,1,{54: [14]}
timberland,1,{54: [15]}
ostrand,1,{54: [16]}
co.,1,{54: [18]}
transaciton,1,{54: [22]}
shoould,1,{54: [23]}
april.,1,{54: [26]}
suburban,1,"{55: [0, 5, 21]}"
bancorp,1,"{55: [1, 6]}"
&lt;subba>,1,{55: [2]}
&lt;valley,1,{55: [15]}
aurora>,1,{55: [18]}
price.,1,{55: [20]}
valley,1,{55: [28]}
national',1,{55: [29]}
univers,1,{56: [0]}
&lt;uhco>,1,{56: [3]}
195000,1,{56: [19]}
2623000,1,{56: [21]}
2577000,1,{56: [23]}
21,1,{56: [27]}
425000,1,{56: [35]}
278000,1,{56: [38]}
8637000,1,{56: [43]}
63000,1,{56: [49]}
304000,1,{56: [53]}
292000,1,{56: [55]}
716000,1,{56: [62]}
contract,2,"{56: [63], 73: [30]}"
oblig,2,"{56: [64], 77: [88]}"
greas,1,{57: [0]}
monkey,1,{57: [1]}
&lt;gmhc>,1,{57: [4]}
nov,1,{57: [6]}
130998,1,{57: [13]}
30732,1,{57: [15]}
1568941,1,{57: [17]}
10053234,1,{57: [19]}
freedom,1,"{58: [0, 6]}"
&lt;frfe>,1,{58: [2]}
recogn,1,"{58: [4, 11]}"
first-quart,1,{58: [12]}
defer,2,"{58: [15], 63: [10]}"
1.5,1,{58: [16]}
apart,2,"{58: [22], 69: [93]}"
complex,2,"{58: [23, 33], 95: [43]}"
1983.,2,"{58: [24], 79: [23]}"
recognit,1,{58: [27]}
repay,1,{58: [30]}
loan,4,"{58: [31], 62: [57, 69, 75], 96: [2, 15], 98: [3, 10, 37, 56]}"
grant,1,{58: [32]}
sold.,1,{58: [34]}
g-6,1,{59: [1]}
leigh-pemberton,1,"{59: [7, 12, 26, 70, 90, 104, 150, 189, 218, 246]}"
robin,1,{59: [11]}
pact,3,"{59: [15], 93: [6], 95: [6, 26]}"
nomin,1,{59: [22]}
rate,1,"{59: [24, 121, 137, 173, 199, 224, 239]}"
targets.,1,{59: [25]}
oral,1,{59: [28]}
evid,1,{59: [29]}
select,1,{59: [30]}
swap,1,{59: [33]}
"understanding""",1,{59: [37]}
cooper,1,{59: [38]}
toward,2,"{59: [39, 86], 83: [3, 17]}"
levels.,1,{59: [44]}
brought,1,{59: [48]}
britain,1,{59: [49]}
joint,1,{59: [51]}
float,1,{59: [53]}
let,1,{59: [56]}
purs,1,{59: [58]}
monetari,2,"{59: [60, 165], 84: [163]}"
policy.,1,"{59: [61, 166]}"
conced,1,{59: [64]}
louvr,1,"{59: [66, 73]}"
"something""",1,{59: [69]}
plaza,1,{59: [74]}
(group,1,{59: [79]}
of),1,{59: [80]}
"together""",1,{59: [85]}
"rates""",1,{59: [89]}
week',2,"{59: [94], 73: [60]}"
accord.,1,{59: [103]}
(cooperation),1,{59: [108]}
actual,1,{59: [109]}
larger,1,{59: [110]}
mani,2,"{59: [111], 84: [215]}"
u,1,{59: [112]}
thought,1,{59: [113]}
pre-plaza,1,{59: [114]}
"days""",1,{59: [115]}
septemb,1,{59: [116]}
broadli,1,"{59: [123, 139]}"
sought,1,"{59: [124, 140]}"
note,2,"{59: [127, 143], 85: [26]}"
leav,1,"{59: [131, 147]}"
"guessing.""",1,"{59: [133, 149]}"
principl,3,"{59: [152], 86: [17], 91: [67]}"
favour,3,"{59: [155], 84: [209], 89: [82]}"
em,1,{59: [157]}
membership,1,{59: [158]}
sterl,1,"{59: [159, 267]}"
endang,1,{59: [162]}
anti-infl,1,{59: [164]}
want,3,"{59: [169, 222], 72: [122], 83: [77]}"
cut,3,"{59: [180], 84: [236], 89: [90]}"
(thi,1,{59: [181]}
base,3,"{59: [184, 223, 238, 281], 86: [25], 93: [12]}"
lend,1,{59: [185]}
rates),1,{59: [186]}
"now.""",1,{59: [188]}
"""cautiou",1,{59: [192]}
step-by-step,1,{59: [193]}
"approach""",1,{59: [194]}
short,1,{59: [196]}
potenti,2,"{59: [202], 72: [79]}"
"inflation.""",1,{59: [204]}
underli,1,{59: [205]}
inflat,2,"{59: [207], 89: [91]}"
"""one",1,{59: [212]}
"highest""",1,{59: [213]}
among,2,"{59: [214], 93: [65]}"
unveil,1,{59: [226]}
budget,2,"{59: [228], 89: [11]}"
pressur,1,{59: [232]}
prove,1,{59: [236]}
irresistible.,1,{59: [237]}
sterling',1,{59: [243]}
relationship,1,{59: [244]}
pound,1,{59: [248]}
undervalu,1,{59: [251]}
overall.,1,{59: [252]}
suggest,2,"{59: [262], 72: [151]}"
england',1,{59: [266]}
index,1,"{59: [268, 280]}"
index',1,{59: [270]}
level.,2,"{59: [278], 84: [211]}"
1975,1,{59: [282]}
72.1,1,{59: [285]}
close.,1,{59: [288]}
commerc,1,{60: [0]}
hous,2,"{60: [2], 73: [19, 38, 50]}"
&lt;cclr>,1,{60: [4]}
32,1,{60: [9]}
29,3,"{60: [17], 64: [14], 77: [99]}"
quantech,2,"{61: [0], 62: [0, 5, 45, 82]}"
&lt;qant>,2,"{61: [3], 62: [1]}"
561029,2,"{61: [18], 62: [37]}"
114712,2,"{61: [21], 62: [40]}"
3464269,1,{61: [23]}
4083833,1,{61: [25]}
1104472,1,{61: [38]}
261791,1,{61: [41]}
11.6,1,{61: [46]}
99209,1,{61: [56]}
202097,1,{61: [59]}
mths.,1,{61: [62]}
investig,1,{62: [9]}
succeed.,1,{62: [20]}
experi,1,{62: [25]}
neg,3,"{62: [26], 84: [67], 89: [135]}"
before.,2,"{62: [44], 66: [35]}"
waiver,1,{62: [48]}
marin,1,"{62: [49, 62, 76]}"
midland,1,"{62: [50, 63, 77]}"
&lt;mm>,1,{62: [53]}
26,3,"{62: [55], 70: [32], 81: [11, 34]}"
coven,1,{62: [56]}
agreement.,1,{62: [58]}
work,2,"{62: [67], 83: [2, 16, 102]}"
person,1,{62: [70]}
guarante,2,"{62: [71], 85: [22]}"
henri,1,{62: [73]}
ginsburg.,1,{62: [74]}
substanti,1,{62: [79]}
assets.,3,"{62: [81], 70: [35], 72: [53]}"
bernard,1,{62: [85]}
weinblatt,1,{62: [86]}
rsign,1,{62: [87]}
ginsberg,1,{62: [92]}
leonard,1,{62: [96]}
n.,1,{62: [97]}
hecht,1,{62: [98]}
formerli,2,"{62: [99], 77: [72]}"
officer.,1,{62: [105]}
pda,1,"{63: [0, 6, 29]}"
engin,2,"{63: [1, 7], 86: [1, 7, 33]}"
&lt;pdas>,1,{63: [2]}
halt,1,{63: [3]}
softwar,1,"{63: [4, 13]}"
temporarili,1,{63: [9]}
shipmetn,1,{63: [11]}
patran,1,{63: [12]}
ibm,1,{63: [14]}
technic,2,"{63: [17], 84: [61]}"
program.,1,{63: [19]}
deferr,1,{63: [23]}
thrid,1,{63: [25]}
anticip,1,{63: [31]}
resum,1,{63: [32]}
p,1,{64: [0]}
f,1,{64: [2]}
&lt;pfina>,1,{64: [5]}
453924,1,{64: [18]}
726816,1,{64: [20]}
12.0,1,{64: [22]}
11.2,1,{64: [25]}
2695206,1,"{64: [29, 53]}"
2562160,1,"{64: [31, 55]}"
1365655,1,{64: [42]}
1268847,1,{64: [44]}
40.1,1,{64: [46]}
33.1,1,{64: [49]}
571000,1,{64: [61]}
496000,1,{64: [64]}
1347000,1,{64: [67]}
1107000,1,{64: [70]}
one-for-f,1,{64: [75]}
revers,1,{64: [76]}
octob,3,"{64: [78], 69: [135], 94: [18]}"
lane,1,"{65: [1, 7, 25]}"
&lt;fair>,1,{65: [2]}
maricorp,1,{65: [15]}
&lt;northern,1,{65: [18]}
corp>.,1,{65: [20]}
under,3,"{65: [21], 93: [26], 95: [25]}"
1.3043,1,{65: [33]}
&lt;btr,1,{65: [35]}
realti,1,{65: [36]}
alli,1,{66: [0]}
research,1,{66: [1]}
&lt;arai>,1,{66: [4]}
63,1,{66: [8]}
64,1,{66: [11]}
2463214,1,{66: [14]}
2509832,1,{66: [16]}
34.4,1,{66: [18]}
backlog,1,{66: [24]}
47.4,1,{66: [27]}
34.9,1,{66: [31]}
26-feb-1987,1,"{67: [0, 1]}"
accept,2,"{68: [0], 98: [18, 36]}"
&lt;acpt>,1,{68: [4]}
1.80,1,{68: [9]}
20480000,1,{68: [18]}
1318000,1,{68: [21]}
25.4,1,{68: [23]}
1135000,1,{68: [30]}
576000,1,{68: [32]}
realiz,2,"{68: [36], 92: [101]}"
40000,1,{68: [39]}
13000,1,{68: [42]}
729000,1,{68: [47]}
credit.,1,{68: [50]}
cardena,1,"{69: [0, 9, 58, 110]}"
decis,3,"{69: [4, 18, 56], 92: [0, 7, 53, 72, 76, 80], 94: [46]}"
ico,1,"{69: [6, 28, 126]}"
jorg,1,{69: [8]}
colombia',1,{69: [11]}
growers',1,{69: [13]}
emerg,1,{69: [20]}
upcom,1,{69: [21]}
organ,1,{69: [25]}
(ico).,1,{69: [26]}
london,1,"{69: [33, 64]}"
call,2,"{69: [38], 71: [72]}"
council,2,"{69: [40], 83: [10, 52, 123, 167]}"
quotas.,1,"{69: [46, 97]}"
updat,1,{69: [51]}
happen,1,{69: [52]}
unlik,3,"{69: [54], 83: [39, 168], 84: [168]}"
"taken""",1,{69: [57]}
journalists.,1,{69: [60]}
re-introduc,1,{69: [65]}
quota,1,{69: [67]}
suspend,1,{69: [68]}
failure.,1,{69: [72]}
colombian,1,{69: [73]}
cesar,1,{69: [76]}
gaviria,1,{69: [77]}
brazil,1,"{69: [89, 105]}"
prompt,1,{69: [95]}
brazil',1,{69: [98]}
jorio,1,{69: [101]}
dauster,1,{69: [102]}
yesterday,2,"{69: [104], 73: [73]}"
policies.,1,{69: [109]}
clearer,1,{69: [115]}
knew,1,{69: [117]}
project,1,{69: [118]}
stockpil,1,{69: [120]}
producers.,2,"{69: [122], 84: [171]}"
shortfal,1,{69: [128]}
(60-kg),1,{69: [131]}
february.,1,{69: [139]}
cb,1,"{70: [0, 7, 20]}"
t,1,"{70: [2, 8, 21]}"
&lt;cbtb>,1,{70: [3]}
carrolton,1,"{70: [13, 16, 29, 31]}"
ga.,1,{70: [17]}
shareholders.,1,{70: [30]}
&lt;amb>,1,{71: [2]}
118.7,1,{71: [19]}
1.05,1,{71: [22]}
belief,1,{71: [32]}
surpass,1,{71: [36]}
tobacco',1,{71: [50]}
lucki,1,"{71: [51, 62]}"
strike,1,{71: [52]}
filter,1,{71: [53]}
led,1,{71: [60]}
franchise.,1,{71: [63]}
introduc,1,{71: [67]}
low-pric,1,{71: [69]}
cigarett,1,{71: [71]}
malibu.,1,{71: [73]}
u.k.-bas,1,{71: [76]}
gallah,1,{71: [77]}
ltd,1,{71: [78]}
perform,1,{71: [81]}
becam,1,{71: [83]}
second-largest,1,{71: [84]}
contributor,1,{71: [85]}
&lt;x>,1,{72: [1]}
roderick,1,"{72: [12, 36, 92, 129, 134, 157, 186, 198, 225]}"
immedi,1,"{72: [28, 97]}"
"discussions""",1,{72: [35]}
reuter,2,"{72: [38], 91: [42]}"
equip,1,{72: [41]}
supplier,1,{72: [42]}
here.,2,"{72: [44], 84: [55]}"
conduct,1,{72: [48]}
co',1,{72: [66]}
formal,2,"{72: [76], 83: [33]}"
oversea,1,{72: [81]}
dozen,1,{72: [89]}
companies.,2,"{72: [91], 93: [68]}"
question,1,"{72: [94, 133]}"
marathon,1,{72: [100]}
corp.,1,{72: [106]}
49,2,"{72: [113], 88: [8]}"
yate,1,"{72: [117, 125]}"
field,1,"{72: [118, 126]}"
texas.,1,{72: [120]}
difficult,1,{72: [127]}
"times""",1,{72: [128]}
know,1,{72: [137]}
accumul,1,{72: [144]}
day,2,"{72: [149], 77: [29]}"
trader,2,"{72: [150], 73: [1, 58]}"
ichan,1,"{72: [160, 176]}"
hostil,1,{72: [165]}
sizabl,1,{72: [172]}
"""mr.",1,{72: [175]}
appar,1,{72: [178]}
11.4,1,{72: [179]}
"any""",1,{72: [185]}
"""he'",1,{72: [188]}
satisfi,2,"{72: [189], 77: [86]}"
now.,1,{72: [192]}
"monthly.""",1,{72: [195]}
solv,1,{72: [207]}
deficit,2,"{72: [209], 89: [117, 128]}"
170,1,{72: [212]}
1990,2,"{72: [219], 93: [50]}"
"surplus""",1,{72: [224]}
worst,1,{72: [229]}
forward,2,"{72: [231], 83: [95]}"
upward,1,{72: [233]}
movement,1,{72: [234]}
"ahead.""",1,{72: [235]}
howev,2,"{72: [236], 84: [167]}"
resist,1,{72: [244]}
turn,1,{72: [245]}
deficit.,1,{72: [248]}
"""some",1,{72: [249]}
discomfort,1,{72: [251]}
transfer,1,{72: [253]}
friend,1,{72: [256]}
"allies.""",1,{72: [259]}
ny,1,{73: [0]}
soviet,1,"{73: [3, 9, 68]}"
larg,1,{73: [5]}
90000,2,"{73: [13], 82: [38]}"
raw,1,{73: [15]}
night,1,{73: [21]}
discount,2,"{73: [25], 99: [2]}"
cargo,1,"{73: [41, 54]}"
thai,1,{73: [42]}
european-bas,1,{73: [48]}
april/may/juli,1,{73: [56]}
provok,1,{73: [67]}
cover,1,{73: [70]}
needs.,1,{73: [72]}
7.18,1,{73: [78]}
cent,1,{73: [79]}
pound.,1,{73: [80]}
martin,1,{74: [0]}
lawrenc,1,{74: [1]}
edit,1,{74: [3]}
&lt;mlle>,1,{74: [4]}
861000,1,{74: [14]}
266000,1,{74: [16]}
6036000,1,{74: [21]}
given.,2,"{74: [26], 87: [17]}"
&lt;ces>,1,{75: [3]}
68,1,"{75: [7, 10]}"
minstar,1,{76: [0]}
&lt;mnst>,1,{76: [2]}
5429000,1,{76: [18]}
5216000,1,{76: [21]}
257.5,1,{76: [23]}
243.6,1,{76: [26]}
17.5,1,{76: [30]}
13.5,1,{76: [33]}
1324000,1,{76: [48]}
4067000,1,{76: [51]}
989.5,1,{76: [53]}
747.9,1,{76: [56]}
17.6,1,{76: [60]}
15.7,1,{76: [63]}
66,1,{76: [78]}
1.07,1,{76: [82]}
1.23,1,{76: [85]}
54,1,{76: [101]}
47,1,{76: [111]}
cts.,1,{76: [112]}
transworld,1,"{77: [0, 7, 52, 75]}"
trust,1,"{77: [1, 9, 33, 71, 84]}"
&lt;twt>,1,{77: [2]}
date,1,{77: [6]}
proce,1,{77: [12]}
hilton,1,{77: [14]}
ual,1,"{77: [17, 35, 43, 50]}"
&lt;ual>,1,{77: [19]}
holder,1,{77: [20]}
8.,1,{77: [22]}
deal,2,"{77: [24], 91: [76]}"
ceas,1,{77: [31]}
632.5,1,{77: [37]}
2564000,1,{77: [41]}
worth,2,"{77: [49], 91: [77]}"
debentur,1,"{77: [51, 63]}"
substitut,1,{77: [54]}
connect,1,{77: [65]}
repres,1,{77: [73]}
balanc,2,"{77: [82], 89: [136]}"
liabil,3,"{77: [87], 79: [79], 100: [15]}"
trust.,1,{77: [89]}
satisfact,1,{77: [91]}
electro-sensor,1,"{78: [0, 6]}"
&lt;else>,1,{78: [2]}
vote,1,"{78: [3, 10]}"
extra,1,{78: [4]}
30.,1,{78: [24]}
&lt;uh>,1,{79: [2]}
1983,1,"{79: [8, 27]}"
8600000,1,{79: [30]}
follow,1,{79: [36]}
3200000,1,{79: [41]}
3500000,1,{79: [43]}
1800000,1,{79: [45]}
put,1,{79: [53]}
specif,1,{79: [54]}
definit,1,{79: [64]}
profit.,2,"{79: [66], 94: [80]}"
amend,2,"{79: [74], 94: [41]}"
certif,1,{79: [76]}
incorpor,1,{79: [77]}
relat,2,"{79: [78], 84: [103]}"
directors.,1,{79: [81]}
rockefel,1,"{80: [0, 6]}"
center,1,"{80: [1, 7]}"
&lt;rcp>,1,{80: [3]}
44,1,{80: [16]}
27,1,{80: [23]}
7.,1,{80: [27]}
sandustri,1,{81: [0]}
plastic,1,{81: [1]}
&lt;spi>,1,{81: [3]}
450000,1,{81: [16]}
7291000,1,{81: [18]}
1177000,1,{81: [20]}
37,1,{81: [24]}
77,1,{81: [27]}
801000,1,{81: [30]}
1329000,1,{81: [32]}
28.6,1,{81: [37]}
china,1,"{82: [0, 8, 34]}"
wheat,1,"{82: [3, 12, 32]}"
86/87,1,{82: [7]}
60000,1,{82: [14]}
began,1,{82: [18]}
1,1,{82: [20]}
910000,1,{82: [45]}
corn,2,"{82: [48], 91: [26, 70]}"
1015800,1,{82: [53]}
buffer,1,"{83: [4, 21, 70, 82, 91, 100, 106, 113]}"
compromis,1,"{83: [5, 18, 35]}"
organization',1,{83: [8]}
icco,1,"{83: [9, 20, 122]}"
deni,1,{83: [12]}
bra,1,"{83: [13, 31, 58]}"
kanon,1,"{83: [14, 32, 59]}"
consum,1,"{83: [25, 28, 38, 56, 172]}"
deleg,1,"{83: [26, 29, 64, 76, 97, 119, 132, 157]}"
present,1,"{83: [34, 136]}"
friday,1,"{83: [41, 51, 130, 164, 171]}"
item,1,{83: [48]}
bilater,1,{83: [61]}
main,1,{83: [66]}
stick,1,{83: [67]}
draft,1,"{83: [69, 112]}"
rule,1,"{83: [72, 108]}"
packag,2,"{83: [73, 115], 84: [93, 283]}"
non-memb,1,{83: [80]}
differenti,1,{83: [86]}
differ,2,"{83: [87], 84: [161]}"
materi,1,{83: [96]}
minor,1,{83: [109]}
modif,1,{83: [110]}
reconven,1,"{83: [129, 169]}"
singl,1,{83: [137]}
candid,1,{83: [138]}
kouam,1,{83: [142]}
ivori,1,{83: [143]}
coast,1,{83: [144]}
kobena,1,{83: [150]}
erbynn,1,{83: [151]}
ghana,1,{83: [152]}
re-nomin,1,{83: [154]}
1100,1,{83: [165]}
gmt,1,{83: [166]}
will,1,{84: [1]}
fight,1,"{84: [2, 148]}"
francoi,1,{84: [11]}
guillaum,1,"{84: [12, 70, 212, 228, 252]}"
flatli,1,{84: [16]}
reject,1,"{84: [17, 60, 130]}"
cereal,1,"{84: [23, 41, 133]}"
oilse,1,{84: [25]}
disrupt,1,{84: [29]}
commission',1,"{84: [33, 187]}"
shorten,1,{84: [35]}
monthli,1,{84: [39]}
burden,1,{84: [44]}
seriou,1,{84: [63]}
simpli,1,{84: [65]}
repli,1,{84: [66]}
bad,1,{84: [68]}
"reforms""",1,{84: [69]}
confer,1,"{84: [73, 254]}"
country',2,"{84: [74], 89: [13]}"
fnsea,1,"{84: [78, 214]}"
(feder,1,{84: [79]}
national,1,{84: [80]}
de,1,{84: [81]}
syndicat,1,{84: [82]}
dexploit,1,{84: [83]}
agricoles).,1,{84: [84]}
monday,1,{84: [90]}
tri,1,{84: [91]}
curb,1,{84: [95]}
spiral,1,{84: [96]}
fix,1,{84: [99]}
1987/88.,1,{84: [102]}
strain,1,{84: [107]}
months.,1,{84: [110]}
sporad,1,{84: [112]}
frequent,1,{84: [113]}
demonstr,1,{84: [114]}
protest,1,"{84: [116, 170, 183]}"
meat,1,{84: [119]}
pork,1,{84: [120]}
cutback,1,{84: [122]}
milk,1,"{84: [124, 267, 279]}"
output.,1,{84: [125]}
guillaume',1,"{84: [127, 208]}"
reorganis,1,{84: [131]}
--,1,"{84: [136, 141]}"
warm,1,{84: [142]}
applaus,1,{84: [143]}
fnsea',1,{84: [144]}
farmers.,1,{84: [145]}
hi,1,{84: [146]}
pledg,2,"{84: [147], 85: [21]}"
push,1,{84: [151]}
dismantl,1,{84: [153]}
cross,1,{84: [155]}
border,1,{84: [156]}
design,3,"{84: [158], 92: [85], 95: [30]}"
smooth,1,{84: [159]}
known,1,{84: [162]}
compensatori,1,{84: [164]}
mca',1,{84: [166]}
leader,1,{84: [173]}
raymond,1,{84: [174]}
lacomb,1,"{84: [175, 222, 288]}"
seri,1,{84: [181]}
abroad,1,{84: [185]}
overhaul,1,{84: [189]}
sector.,1,{84: [191]}
minister',1,{84: [193]}
organis,1,{84: [197]}
"weeks""",1,{84: [201]}
ministeri,1,{84: [210]}
head,2,"{84: [213], 92: [66]}"
appoint,1,{84: [217]}
spring.,1,{84: [221]}
refus,1,{84: [223]}
felt,1,{84: [227]}
job,1,{84: [230]}
minister.,1,{84: [232]}
award,1,{84: [242]}
done,1,{84: [248]}
farmers',1,{84: [249]}
indebted,1,{84: [250]}
(396,1,{84: [261]}
dlrs),1,{84: [263]}
encourag,1,{84: [269]}
older,1,{84: [270]}
retire.,1,{84: [272]}
&lt;ffmc>,1,{85: [2]}
confidata,1,"{85: [4, 11, 25]}"
&lt;north,1,{85: [14]}
ridg,1,{85: [15]}
bank>,1,{85: [16]}
500000,1,"{85: [18, 23]}"
ridge.,1,{85: [29]}
expand,1,{85: [42]}
base.,1,{85: [44]}
combust,1,"{86: [0, 6, 32]}"
&lt;csp>,1,{86: [2]}
buyout,1,{86: [5]}
c-e,1,"{86: [10, 35]}"
environment,1,"{86: [11, 36, 38]}"
&lt;e.c.,1,{86: [19]}
jordan,1,{86: [20]}
co>,1,{86: [21]}
privat,1,{86: [22]}
portland,1,{86: [26]}
me.,1,{86: [27]}
mot,1,{86: [30]}
&lt;mark,1,{87: [0]}
54.9,1,{87: [8]}
27.2,1,{87: [11]}
pepco,1,{88: [0]}
&lt;pom>,1,{88: [1]}
25.1,1,{88: [14]}
28.9,1,{88: [17]}
202.8,1,{88: [20]}
220.9,1,{88: [23]}
4.05,1,{88: [28]}
3.66,1,{88: [31]}
223.9,1,{88: [34]}
186.4,1,{88: [37]}
1.35,1,{88: [40]}
1.34,1,{88: [43]}
potomac,1,{88: [48]}
electr,1,{88: [49]}
21.7,1,{88: [57]}
46,1,{88: [59]}
virginia,1,"{88: [67, 70]}"
territori,1,{88: [69]}
power.,1,{88: [71]}
italian,2,"{89: [0], 91: [31]}"
gdp,1,"{89: [2, 30, 47]}"
2.7,1,"{89: [4, 22]}"
unemploy,1,"{89: [6, 63]}"
extract,1,{89: [8]}
italy',2,"{89: [10], 91: [9]}"
ministri,1,"{89: [12, 71]}"
gross,1,{89: [18]}
(gdp),1,{89: [21]}
unemployment.,1,{89: [29]}
calcul,1,{89: [31]}
1980,1,{89: [32]}
434682,1,{89: [35]}
lira,1,"{89: [37, 53, 121]}"
423064,1,{89: [40]}
894362,1,{89: [51]}
805754,1,{89: [55]}
insuffici,1,{89: [60]}
prevent,1,{89: [61]}
11.1,1,{89: [64]}
10.3,1,{89: [68]}
depreci,1,{89: [79]}
oil-import,1,{89: [83]}
italy.,1,{89: [85]}
these,1,{89: [86]}
factor,1,{89: [87]}
averag,1,{89: [92]}
6.3,1,{89: [93]}
9.3,1,{89: [96]}
balance.,1,{89: [105]}
recalcul,1,{89: [110]}
istat,1,"{89: [114, 133]}"
3722,1,{89: [119]}
3717,1,{89: [130]}
23085,1,{89: [137]}
26-mar-1987,1,"{90: [0, 1]}"
ferruzzi,1,"{91: [0, 19, 46]}"
absorb,1,{91: [4]}
cpc,1,"{91: [5, 35, 62]}"
sourc,1,"{91: [7, 40]}"
&lt;gruppo,1,{91: [10]}
ferruzzi>,1,{91: [11]}
&lt;european,1,{91: [13]}
(france)>,1,{91: [15]}
&lt;cpc,1,{91: [23]}
division>,1,{91: [25]}
wet,1,"{91: [27, 71]}"
mill,1,{91: [28]}
&lt;cpc>.,1,{91: [38]}
eridania,1,{91: [48]}
zuccherifici,1,{91: [49]}
nazionali,1,{91: [50]}
spa,1,{91: [51]}
&lt;erdi.mi>,1,{91: [52]}
bours,1,{91: [57]}
there.,1,{91: [61]}
tuesday,1,{91: [65]}
millng,1,{91: [72]}
ferruzzi.,1,{91: [74]}
630,1,{91: [78]}
&lt;dic>,1,{92: [2]}
19-24,1,{92: [15]}
mainli,1,{92: [23]}
margin,1,{92: [27]}
costs.,1,{92: [31]}
957000,1,{92: [44]}
computer,1,{92: [60]}
telemarket,1,{92: [61]}
management.,1,{92: [69]}
consolid,1,{92: [75]}
system/3x,1,{92: [88]}
peripher,1,{92: [89]}
products.,1,{92: [90]}
advers,1,{92: [94]}
affect,1,{92: [95]}
"""signific",1,{92: [102]}
"savings""",1,{92: [103]}
expens,2,"{92: [105], 94: [23]}"
remaind,1,{92: [106]}
lomak,1,"{93: [0, 7, 42]}"
&lt;lomk>,1,{93: [1]}
stratum,1,"{93: [2, 10, 20, 29, 36, 51, 63]}"
&lt;strata>,1,{93: [3]}
columbu,1,{93: [13]}
ohio,1,{93: [14]}
wholli,1,{93: [22]}
lomak.,1,{93: [25]}
merger',1,{93: [27]}
5.7,1,{93: [32]}
.06,1,{93: [40]}
37.5,1,{93: [44]}
companies',1,{93: [58]}
creditor,2,"{93: [64], 100: [23]}"
thing,1,{93: [66]}
transform,1,"{94: [0, 6, 51]}"
logic,1,"{94: [1, 7]}"
&lt;toog>,1,{94: [2]}
downward,1,"{94: [5, 11]}"
reflect,1,{94: [21]}
compens,1,{94: [22]}
options.,1,{94: [26]}
resolut,1,{94: [30]}
disagr,1,{94: [31]}
auditor,1,{94: [32]}
came,1,{94: [33]}
involvement.,1,{94: [38]}
option-gr,1,{94: [42]}
procedur,1,{94: [43]}
conform,1,{94: [44]}
sec,1,{94: [45]}
elimin,1,{94: [47]}
305082,1,{94: [57]}
580955,1,{94: [64]}
left,1,{94: [66]}
249814,1,{94: [71]}
instead,1,{94: [76]}
26195,1,{94: [78]}
micro,1,"{95: [1, 8, 28]}"
&lt;camd>,1,{95: [2]}
grumman,1,"{95: [3, 14]}"
&lt;gq>,1,{95: [4]}
devic,1,"{95: [9, 29]}"
corp',1,{95: [15]}
tachon,1,"{95: [16, 32]}"
gallium,1,{95: [21]}
arsenid,1,{95: [22]}
seminconductor,1,{95: [23]}
chips.,1,{95: [24]}
chip,1,{95: [31]}
them.,1,{95: [34]}
gate,1,"{95: [38, 42]}"
array,1,{95: [39]}
500,1,{95: [40]}
2500,1,{95: [41]}
radiat,1,{95: [44]}
harden,1,{95: [45]}
capabl,1,{95: [46]}
n.y.,2,"{96: [0, 13], 99: [0]}"
222,2,"{96: [4, 17], 98: [5, 20]}"
fed,3,"{96: [11, 24], 97: [11, 24], 99: [22]}"
64.05,1,{98: [23]}
390,1,{98: [39]}
64.74,1,{98: [42]}
339.04,1,{98: [52]}
schedul,1,{98: [58]}
friday.,1,{98: [60]}
borrow,1,"{99: [3, 14, 36]}"
citi,1,{99: [12]}
wednesday,1,{99: [19]}
two-week,1,{99: [28]}
wednesday.,1,{99: [33]}
period.,1,{99: [39]}
americantur,1,"{100: [0, 5]}"
&lt;aaix>,1,{100: [1]}
adventur,1,"{100: [4, 10, 18]}"
&lt;goaqc>,1,{100: [12]}
assumpt,1,{100: [14]}
issuanc,1,{100: [16]}
members.,1,{100: [25]}
pursuant,1,{100: [28]}
chapter,1,{100: [29]}
adventure.,1,{100: [34]}
83,1,{100: [42]}
